x	y_span_0.3
  0.000000	   0.4890816072
  0.049749	   0.5227713412
  0.099497	   0.5540180626
  0.149246	   0.5828942442
  0.198995	   0.6094768546
  0.248744	   0.6338442645
  0.298492	   0.6560745220
  0.348241	   0.6762456684
  0.397990	   0.6944343816
  0.447739	   0.7107168562
  0.497487	   0.7251677192
  0.547236	   0.7378604289
  0.596985	   0.7488660016
  0.646734	   0.7582527442
  0.696482	   0.7660838771
  0.746231	   0.7724165890
  0.795980	   0.7772970709
  0.845729	   0.7807587540
  0.895477	   0.7828129874
  0.945226	   0.7834458070
  0.994975	   0.7826026153
  1.044724	   0.7801811713
  1.094472	   0.7760083519
  1.144221	   0.7698238706
  1.193970	   0.7612486166
  1.243719	   0.7497657918
  1.293467	   0.7347503118
  1.343216	   0.7157172217
  1.392965	   0.6932118062
  1.442714	   0.6700495360
  1.492462	   0.6662634181
  1.542211	   0.6505947565
  1.591960	   0.6538589426
  1.641709	   0.6448765532
  1.691457	   0.6570237192
  1.741206	   0.6572331918
  1.790955	   0.6794279026
  1.840704	   0.6909393296
  1.890452	   0.7223917292
  1.940201	   0.7454461838
  1.989950	   0.7826355730
  2.039698	   0.8145210636
  2.089447	   0.8513812515
  2.139196	   0.8863458615
  2.188945	   0.9154508018
  2.238693	   0.9457841726
  2.288442	   0.9601325271
  2.338191	   0.9780582355
  2.387940	   0.9727876298
  2.437688	   0.9724371170
  2.487437	   0.9458235759
  2.537186	   0.9245220759
  2.586935	   0.8779258225
  2.636683	   0.8363306113
  2.686432	   0.7731980563
  2.736181	   0.7143428926
  2.785930	   0.6387647457
  2.835678	   0.5665401328
  2.885427	   0.4820236158
  2.935176	   0.3998386267
  2.984925	   0.3088104538
  3.034673	   0.2190409739
  3.084422	   0.1232258319
  3.134171	   0.0276288386
  3.183920	  -0.0709816922
  3.233668	  -0.1702104903
  3.283417	  -0.2683734190
  3.333166	  -0.3675578741
  3.382915	  -0.4603704164
  3.432663	  -0.5539959349
  3.482412	  -0.6353911858
  3.532161	  -0.7167736271
  3.581910	  -0.7808242666
  3.631658	  -0.8436461291
  3.681407	  -0.8861898950
  3.731156	  -0.9263037321
  3.780905	  -0.9462268158
  3.830653	  -0.9629596329
  3.880402	  -0.9625920398
  3.930151	  -0.9589746916
  3.979899	  -0.9434141127
  4.029648	  -0.9252198230
  4.079397	  -0.9008462451
  4.129146	  -0.8748378629
  4.178894	  -0.8476111349
  4.228643	  -0.8197270558
  4.278392	  -0.7939275500
  4.328141	  -0.7681286583
  4.377889	  -0.7459791410
  4.427638	  -0.7241409152
  4.477387	  -0.7063386129
  4.527136	  -0.6890669932
  4.576884	  -0.6758451775
  4.626633	  -0.6636632765
  4.676382	  -0.6557770473
  4.726131	  -0.6499767756
  4.775879	  -0.6490685090
  4.825628	  -0.6517171755
  4.875377	  -0.6598332679
  4.925126	  -0.6728734072
  4.974874	  -0.6913289274
  5.024623	  -0.7151924144
  5.074372	  -0.7433177711
  5.124121	  -0.7757582220
  5.173869	  -0.8101553044
  5.223618	  -0.8459464677
  5.273367	  -0.8806852007
  5.323116	  -0.9124599652
  5.372864	  -0.9402460981
  5.422613	  -0.9602348624
  5.472362	  -0.9741553874
  5.522111	  -0.9761669039
  5.571859	  -0.9713620269
  5.621608	  -0.9522311503
  5.671357	  -0.9268677321
  5.721106	  -0.8868296392
  5.770854	  -0.8420494190
  5.820603	  -0.7839786908
  5.870352	  -0.7229316556
  5.920101	  -0.6508822174
  5.969849	  -0.5773352108
  6.019598	  -0.4951005054
  6.069347	  -0.4122641031
  6.119095	  -0.3226154787
  6.168844	  -0.2326919841
  6.218593	  -0.1375808079
  6.268342	  -0.0421697691
  6.318090	   0.0563231506
  6.367839	   0.1552487388
  6.417588	   0.2538214062
  6.467337	   0.3529399865
  6.517085	   0.4465271963
  6.566834	   0.5407811503
  6.616583	   0.6229962367
  6.666332	   0.7061146605
  6.716080	   0.7706280775
  6.765829	   0.8364591444
  6.815578	   0.8787928698
  6.865327	   0.9229552186
  6.915075	   0.9419331251
  6.964824	   0.9631184742
  7.014573	   0.9613269975
  7.064322	   0.9617053344
  7.114070	   0.9447366823
  7.163819	   0.9292807485
  7.213568	   0.9040588782
  7.263317	   0.8790542565
  7.313065	   0.8519353812
  7.362814	   0.8232755543
  7.412563	   0.7986874363
  7.462312	   0.7706210486
  7.512060	   0.7507268586
  7.561809	   0.7254980216
  7.611558	   0.7108750200
  7.661307	   0.6892808200
  7.711055	   0.6801277850
  7.760804	   0.6626001752
  7.810553	   0.6597566238
  7.860302	   0.6473484313
  7.910050	   0.6525318519
  7.959799	   0.6472519350
  8.009548	   0.6623355735
  8.059296	   0.6666056371
  8.109045	   0.6922672818
  8.158794	   0.7077115860
  8.208543	   0.7421369694
  8.258291	   0.7682633781
  8.308040	   0.8066127521
  8.357789	   0.8400370171
  8.407538	   0.8750627445
  8.457286	   0.9097203031
  8.507035	   0.9311460583
  8.556784	   0.9402571117
  8.606533	   0.9381739296
  8.656281	   0.9271305634
  8.706030	   0.9088775114
  8.755779	   0.8845159491
  8.805528	   0.8546949916
  8.855276	   0.8197832979
  8.905025	   0.7799768255
  8.954774	   0.7353652746
  9.004523	   0.6859668713
  9.054271	   0.6317573913
  9.104020	   0.5726808869
  9.153769	   0.5086666896
  9.203518	   0.4396325497
  9.253266	   0.3654955394
  9.303015	   0.2861731548
  9.352764	   0.2015892331
  9.402513	   0.1116749690
  9.452261	   0.0163706492
  9.502010	  -0.0843726515
  9.551759	  -0.1905942553
  9.601508	  -0.3023212261
  9.651256	  -0.4195712412
  9.701005	  -0.5423494086
  9.750754	  -0.6706520357
  9.800503	  -0.8044646156
  9.850251	  -0.9437658959
  9.900000	  -1.0885302071
