vector_index,x,y_original,cluster_id,max_posterior,posterior_component_1,posterior_component_2,posterior_component_3,posterior_component_4,posterior_component_5,posterior_component_6,posterior_component_7
1,-1.0,-1.004673784841589,3,0.9284316153973551,0.044654360638685005,0.0,0.9284316153973551,1.4045730124875974e-05,0.026899978233835185,0.0,1.72023471432338e-291
2,-0.987878787878788,-1.1230828250763407,3,0.965678702989184,0.010024284832641712,0.0,0.965678702989184,4.562687075061207e-06,0.02429244949109927,0.0,9.1417874946606e-269
3,-0.9757575757575756,-0.861227626116865,3,0.807013742030623,0.07049583291725829,0.0,0.807013742030623,0.0002092432267179372,0.12228118182540061,0.0,1.2584433909793883e-305
4,-0.9636363636363636,-1.1479010176365168,3,0.9197853216746289,0.0034683366294504204,0.0,0.9197853216746289,1.095936314664994e-05,0.076735382332774,0.0,2.372682746582661e-256
5,-0.9515151515151516,-1.0617605483709118,3,0.9526207723073604,0.00864398377445975,0.0,0.9526207723073604,1.0917521019654885e-05,0.03872432639716016,0.0,1.7107014138414586e-265
6,-0.9393939393939394,-0.8366014724294252,3,0.8836331361709414,0.05563193477380797,0.0,0.8836331361709414,0.00011840059166393228,0.06061652846358664,0.0,8.446276072891469e-297
7,-0.9272727272727272,-0.8123797586512053,3,0.8822968647136524,0.055132860059033596,0.0,0.8822968647136524,0.00014759060111053612,0.06242268462620349,0.0,2.0305860678435103e-296
8,-0.9151515151515152,-0.8813094189332332,3,0.9385539099277874,0.028737079748036288,0.0,0.9385539099277874,4.017391432072788e-05,0.03266883640985547,0.0,3.65324872411656e-281
9,-0.9030303030303032,-0.7942348388363466,3,0.9058979766928992,0.04630314122695623,0.0,0.9058979766928992,0.0001256797030810072,0.04767320237706355,0.0,8.077025091511201e-291
10,-0.8909090909090909,-0.984332585480422,3,0.8740561221377959,0.004923593825242743,0.0,0.8740561221377959,5.611303488134733e-05,0.12096417100207976,0.0,2.855466983757875e-256
11,-0.8787878787878788,-0.7010177204181096,3,0.8605557708826089,0.05858489300563286,0.0,0.8605557708826089,0.0004800713835478382,0.0803792647282103,0.0,2.43087067751878e-297
12,-0.8666666666666667,-0.7133552943690457,3,0.8949022323708095,0.0497416830415757,0.0,0.8949022323708095,0.0002847063624340078,0.05507137822518076,0.0,4.37029239798501e-291
13,-0.8545454545454545,-0.7127423373576126,3,0.9081107080360395,0.04386281129568093,0.0,0.9081107080360395,0.00024181568700199638,0.04778466498127752,0.0,6.324864422639621e-287
14,-0.8424242424242424,-0.6831811662774631,3,0.9032360944250717,0.04627656667031856,0.0,0.9032360944250717,0.00032791862660384164,0.050159420278005955,0.0,1.8364696754826882e-287
15,-0.8303030303030303,-0.6211457265106181,3,0.8745675910733748,0.05769293843101557,0.0,0.8745675910733748,0.0007793120893738374,0.06696015840623576,0.0,2.5488392980227866e-293
16,-0.8181818181818181,-0.6386757582434651,3,0.9014235131348685,0.04752524169300638,0.0,0.9014235131348685,0.00048312947547205675,0.050568115696653086,0.0,3.4238775213841707e-286
17,-0.806060606060606,-0.7620456523397097,3,0.8829554549205143,0.012933608360042252,0.0,0.8829554549205143,0.0002943571337970415,0.10381657958564644,0.0,7.670218544144823e-262
18,-0.793939393939394,-0.412172209116986,3,0.4961652872390784,0.05262193401969766,0.0,0.4961652872390784,0.03723765682247138,0.4139751219187527,3.279365e-317,3.071091057e-315
19,-0.7818181818181819,-0.4675722980820876,3,0.8008619569008252,0.07487984006296176,0.0,0.8008619569008252,0.005866416522300689,0.1183917865139124,1.65e-321,1.2712820621591909e-301
20,-0.7696969696969697,-0.6421895123503256,3,0.9023867996557855,0.025346965894882036,0.0,0.9023867996557855,0.0005963966704213047,0.07166983777891116,0.0,1.6070514324314812e-268
21,-0.7575757575757576,-0.5427624935896423,3,0.8997473437367308,0.04925153959035669,0.0,0.8997473437367308,0.0010944641074162515,0.04990665256549624,0.0,1.2740419223169672e-280
22,-0.7454545454545455,-0.5097918261215743,3,0.8942776588502918,0.05473120465726445,0.0,0.8942776588502918,0.0014838925592219254,0.04950724393322189,2.42029633e-316,8.197028517157896e-282
23,-0.7333333333333334,-0.3803587013459497,3,0.816699133726219,0.08644330552591908,0.0,0.816699133726219,0.009845448976980604,0.08701211177088124,3.647410967407005e-295,3.7132103039463117e-299
24,-0.7212121212121212,-0.6151657572498238,3,0.7747264775473786,0.013885560445200736,0.0,0.7747264775473786,0.0020547844716092235,0.2093331775358114,1.3e-322,7.631162776755671e-256
25,-0.7090909090909091,-0.4581024793362013,3,0.8902414584416348,0.056893481936935164,0.0,0.8902414584416348,0.0024103804629798872,0.050454679158450096,2.4669302494630714e-298,1.3520938062766084e-277
26,-0.696969696969697,-0.5347903094063944,3,0.8358266845610808,0.024689048496040863,0.0,0.8358266845610808,0.0028815133549422644,0.1366027535879361,1.962110634350902e-304,1.5444887697881794e-260
27,-0.6848484848484848,-0.3925046109632367,3,0.8779359967502932,0.07206687489202798,0.0,0.8779359967502932,0.004187433297419264,0.04580969506025956,1.1696962105738187e-282,4.849921799287825e-280
28,-0.6727272727272727,-0.3832546169013378,3,0.877209736083511,0.07072556505674693,0.0,0.877209736083511,0.004681380830242296,0.047383318029499695,6.259915337193642e-278,2.5574049089328123e-277
29,-0.6606060606060606,-0.3148365958215043,3,0.8556387493597358,0.09560613054141695,0.0,0.8556387493597358,0.008222295024018772,0.04053282507482851,6.339466676505202e-266,1.3078453435246409e-284
30,-0.6484848484848484,-0.3453596488904316,3,0.8682475435174406,0.0770402630238765,0.0,0.8682475435174406,0.006829408075140921,0.04788278538354194,3.387967543780663e-266,3.725196175173399e-275
31,-0.6363636363636364,-0.3328091440385146,3,0.8632618277332051,0.07743944174293647,0.0,0.8632618277332051,0.00818871734638009,0.051110013177478326,3.4786342512448763e-261,5.3691399278898246e-273
32,-0.6242424242424243,-0.1989123131437967,3,0.8042856050492102,0.13552585990977217,0.0,0.8042856050492102,0.024673937895327135,0.03551459714569049,7.45780697324912e-242,1.4407605605855304e-291
33,-0.6121212121212121,-0.1878686049670176,3,0.8029954878478286,0.14101379691888305,0.0,0.8029954878478286,0.024422275245246646,0.03156843998804174,2.486436685162054e-237,3.414404983651239e-289
34,-0.6,-0.1558881325777406,3,0.7844428047077687,0.15436060108894828,0.0,0.7844428047077687,0.031983405861663615,0.029213188341619387,2.021833690902028e-230,1.9909991190732698e-290
35,-0.5878787878787879,-0.1899095829968431,3,0.8093461297885365,0.1390191908974334,0.0,0.8093461297885365,0.021790283555210416,0.02984439575881973,4.1483959822805876e-231,2.7607502831715046e-280
36,-0.5757575757575757,-0.1972542380931665,3,0.8105276779011377,0.1306298729344916,0.0,0.8105276779011377,0.023394772740476397,0.03544767642389429,1.143335902197899e-228,9.855142077088519e-275
37,-0.5636363636363637,-0.136780925834389,3,0.775808985571942,0.16744616834835496,0.0,0.775808985571942,0.032049656261061224,0.024695189818641855,8.538497433810332e-219,6.757163198063631e-281
38,-0.5515151515151515,-0.0629373374248268,3,0.7179752168456071,0.206001097176206,0.0,0.7179752168456071,0.057127123830912556,0.01889656214727442,1.1617358653887493e-207,1.867311441905626e-289
39,-0.5393939393939393,-0.2529302548656265,3,0.6147049696110714,0.05314660372437912,0.0,0.6147049696110714,0.08290321188024603,0.2492452147843034,1.2027651331346284e-224,2.463992358105789e-252
40,-0.5272727272727273,-0.023016500115786,3,0.6788979862284492,0.23633795469941882,0.0,0.6788979862284492,0.06992399652858254,0.014840062543549446,1.951920803409765e-197,6.954479668285973e-288
41,-0.5151515151515151,-0.0055719753162464,3,0.658716805380861,0.25225604226151893,0.0,0.658716805380861,0.07578574950993626,0.01324140284768385,1.1090477694391613e-192,1.1427302677868298e-286
42,-0.503030303030303,-0.0010885335737479,3,0.6480368761728511,0.26278041970354304,0.0,0.6480368761728511,0.07636303059915135,0.012819673524454513,2.7231240668504856e-189,3.5444464719713227e-283
43,-0.4909090909090909,0.006236744432084,3,0.6319914129177656,0.2731531073170181,0.0,0.6319914129177656,0.08206638648589606,0.012789093279320214,1.2599939486720462e-185,3.4885686430549834e-280
44,-0.4787878787878787,-0.1628653084503506,3,0.33859210260361783,0.04418381998264908,0.0,0.33859210260361783,0.284120954146579,0.3331031232671541,4.483337093237285e-199,1.53611716796217e-246
45,-0.4666666666666667,0.0314784056186341,3,0.5831789149164713,0.29886055373806003,0.0,0.5831789149164713,0.10551741175115172,0.012443119594316857,2.4043449625471967e-177,4.533987897781396e-276
46,-0.4545454545454546,0.2340641877952806,4,0.48995912360350713,0.21745816595755313,0.0,0.28789147388086134,0.48995912360350713,0.00469123655807845,1.8204196847616437e-155,4.707037137096559e-308
47,-0.4424242424242424,0.1161836187969796,3,0.4824849643636055,0.3734286443967117,0.0,0.4824849643636055,0.13819287569874303,0.005893515540939869,8.597957071503185e-164,1.4822769770450038e-282
48,-0.4303030303030303,0.1148107522999619,3,0.4636185300152238,0.38045180149747304,0.0,0.4636185300152238,0.1493735193690544,0.006556149118248739,3.666488130077338e-161,4.957984643338672e-278
49,-0.4181818181818182,0.1649888592835726,1,0.4215896544909046,0.4215896544909046,0.0,0.40768365718638266,0.16677899153602743,0.003947696786685283,5.509080654221213e-154,9.837287020453608e-283
50,-0.406060606060606,0.2162606173690286,1,0.44862439943847193,0.44862439943847193,0.0,0.3519669242559959,0.19695100221237807,0.0024576740931540175,7.053875517135005e-147,1.111041998084761e-287
51,-0.3939393939393939,0.2648268316963693,1,0.4578972098118059,0.4578972098118059,0.0,0.2998558986608029,0.24062248082304227,0.001624410704348866,3.594560450849509e-140,3.4497845450840737e-292
52,-0.3818181818181818,0.218053223311001,1,0.4804457591925503,0.4804457591925503,0.0,0.309480660611201,0.20749326463362847,0.002580315562620297,1.4262319079635423e-141,1.832436573053673e-279
53,-0.3696969696969697,0.2945996287975552,1,0.5108663418227926,0.5108663418227926,0.0,0.25084438480510446,0.23718249669167202,0.0011067766804310304,9.103617710133197e-133,4.655307998322983e-289
54,-0.3575757575757575,0.4189805490693936,4,0.5440816296600066,0.31638104620737323,0.0,0.1390430671854261,0.5440816296600066,0.0004942569471941147,2.145760044057972e-120,1.3146362643735698e-307
55,-0.3454545454545454,0.3895909730455263,1,0.4907792006186539,0.4907792006186539,0.0,0.1722230160764745,0.336542265932307,0.00045551737256460775,1.885178622671281e-120,6.966711023302803e-298
56,-0.3333333333333333,0.5205573506018917,4,0.8141098035983212,0.1343139550007434,0.0,0.0513876478430232,0.8141098035983212,0.00018859355791224323,2.5557026758549823e-108,4.335584e-318
57,-0.3212121212121211,0.3050341289076203,1,0.5355236810709947,0.5355236810709947,0.0,0.16375361181697748,0.29946303856157414,0.0012596685504536473,3.433222257032376e-122,6.496686076838244e-274
58,-0.3090909090909091,0.5159133424183431,4,0.5457543449698741,0.36801408859792123,0.0,0.086095773607373,0.5457543449698741,0.00013579282483183757,2.1587417018646173e-104,1.7761586884939565e-308
59,-0.296969696969697,0.3428067148667984,1,0.5425330570971219,0.5425330570971219,0.0,0.11875094449884573,0.3378397441243425,0.0008762542796898935,1.212079996575229e-114,2.6895715934069883e-272
60,-0.2848484848484848,0.4585883220422674,1,0.6429533232041901,0.6429533232041901,0.0,0.09579080356493909,0.2611122895671191,0.00014358366375171762,2.8913835371938233e-104,2.643000809870473e-289
61,-0.2727272727272727,0.5131435768845025,1,0.6329918485765615,0.6329918485765615,0.0,0.07828332925397505,0.288649303115715,7.551905374838147e-05,2.1834175952951983e-98,3.7597830966287963e-295
62,-0.2606060606060606,0.4379257034355209,1,0.6309000566623998,0.6309000566623998,0.0,0.07172124699491012,0.2971598699698746,0.00021882637281556998,2.773023091305262e-101,5.300141132612519e-277
63,-0.2484848484848485,0.510067445228245,1,0.6930276554441652,0.6930276554441652,0.0,0.05931358395993194,0.24759060796185017,6.815263405269672e-05,1.8766004798029546e-94,4.269464398569975e-286
64,-0.2363636363636363,0.6001096154688746,1,0.6632421157665679,0.6632421157665679,0.0,0.04718398540682977,0.2895511198100602,2.2779016542029746e-05,1.0707302124363661e-86,1.2895511937805695e-298
65,-0.2242424242424242,0.4946934796501989,1,0.6373568495050929,0.6373568495050929,0.0,0.04089436687508532,0.3216383242012645,0.00011045941855733504,3.332781853899652e-91,9.064244693221418e-275
66,-0.2121212121212121,0.7093082525213874,1,0.521478936731461,0.521478936731461,0.0,0.029111365666029933,0.44940221415659465,7.483445914456214e-06,2.6425716158464417e-76,1.1422560380181e-310
67,-0.1999999999999999,0.4892322700218122,4,0.5218307559574801,0.45510030258769185,0.0,0.022873848084748745,0.5218307559574801,0.0001950933700794309,2.7314260024866575e-87,2.4585105297921424e-265
68,-0.1878787878787878,0.7794177396606949,4,0.5129169519414669,0.46784811221569866,0.0,0.019231853198553372,0.5129169519414669,3.0826442809946323e-06,7.232935708536486e-69,1.73002891e-315
69,-0.1757575757575757,0.7285909392688158,1,0.7432511176782143,0.7432511176782143,0.0,0.019552296793033847,0.2371935956610524,2.989867699547519e-06,4.5617107115492995e-70,1.3531036292196303e-301
70,-0.1636363636363637,0.6655492266210503,1,0.788248913102396,0.788248913102396,0.0,0.015671721186264465,0.1960732158145581,6.149896781441653e-06,1.0276483964555397e-71,1.6952204022851275e-285
71,-0.1515151515151515,0.6647562400707585,1,0.7729266800765374,0.7729266800765374,0.0,0.0125532343306413,0.21451327084636962,6.814746451656332e-06,6.366852345076858e-70,4.052919732899987e-281
72,-0.1393939393939394,0.6806498601888393,1,0.7730961118766863,0.7730961118766863,0.0,0.010072732218631713,0.21682567205631448,5.483848367455403e-06,2.592652191934908e-67,6.96542782008815e-280
73,-0.1272727272727273,0.7345908942339842,1,0.8269317409710409,0.8269317409710409,0.0,0.008289405235806275,0.16477695029749645,1.9034956563369984e-06,5.621735251071125e-63,7.517131148763197e-286
74,-0.1151515151515151,0.7658173007730636,1,0.8458296193668641,0.8458296193668641,0.0,0.006687005497802239,0.14748229790791742,1.077227416256855e-06,7.592071822784483e-60,1.5045267848618176e-287
75,-0.103030303030303,0.8943574936701605,1,0.8236496017263715,0.8236496017263715,0.0,0.006145059216079524,0.17020515643303735,1.8262451167350044e-07,1.9624242309888313e-52,8.167656680534133e-308
76,-0.0909090909090909,0.9756741462125847,1,0.6928087012758782,0.6928087012758782,0.0,0.0052921345935624114,0.301899070454848,9.36757113950442e-08,2.0310619543380642e-47,3.29344e-319
77,-0.0787878787878787,0.8583746360765632,1,0.8921713189143656,0.8921713189143656,0.0,0.0034486146543189346,0.1043798749047065,1.9152660897643666e-07,3.9675219443263685e-51,1.535501203742848e-292
78,-0.0666666666666666,0.7990163876275144,1,0.8040857787343683,0.8040857787343683,0.0,0.002491567725186344,0.19342179228083978,8.61259605614436e-07,7.042496488704736e-52,5.687723540531055e-277
79,-0.0545454545454545,0.8472510076581954,1,0.8667566382222703,0.8667566382222703,0.0,0.0020131738276175913,0.1312299045396901,2.8341042198672177e-07,1.6315467932296312e-48,5.663800146225017e-282
80,-0.0424242424242424,0.9005042523826123,1,0.9090381692373175,0.9090381692373175,0.0,0.0016170066640798413,0.08934473809198364,8.600661899057122e-08,3.9336275667003704e-45,5.531437882646798e-288
81,-0.0303030303030302,0.8569841709701974,1,0.8125198027492485,0.8125198027492485,0.0,0.0011670706383079686,0.186312780607856,3.4600458761685917e-07,4.372705151932931e-45,2.1690241881802517e-275
82,-0.0181818181818181,0.8693210514677733,1,0.7913241406547896,0.7913241406547896,0.0,0.0008848372591301639,0.20779070265072622,3.1943535400744985e-07,3.670431358204681e-43,1.5502469254100995e-273
83,-0.0060606060606061,1.15564896486863,1,0.8503187723648148,0.8503187723648148,0.0,0.0013080921707194094,0.14837313282727732,2.6371887010904024e-09,9.550378904206977e-33,0.0
84,0.0060606060606061,1.0363302941969126,1,0.9562587208391421,0.9562587208391421,0.0,0.0006169543805769474,0.043124319763504004,5.016776918325104e-09,1.5937699472007257e-35,2.0079380881507943e-297
85,0.018181818181818,0.9697129856692084,1,0.9055135173425903,0.9055135173425903,0.0,0.0004204672125744818,0.09406598471704687,3.0727788269772444e-08,4.832841948028075e-36,2.9099191320457894e-280
86,0.0303030303030302,1.1259343462346776,1,0.9682718953902626,0.9682718953902626,0.0,0.0004073759038605205,0.031320727832344866,8.735320442845524e-10,8.148380378091186e-31,1.7074720032877083e-306
87,0.0424242424242424,0.9905807948639374,1,0.877300572367478,0.877300572367478,0.0,0.00023625180996862595,0.12246314715614545,2.8666407876166315e-08,7.469201052711852e-33,7.204859635735325e-276
88,0.0545454545454544,1.0214099452612246,1,0.9053387948164816,0.9053387948164816,0.0,0.0001799413330264877,0.09448125026276309,1.358772879151876e-08,6.546909062884211e-31,1.1708696646312387e-277
89,0.0666666666666666,1.0690899412481938,1,0.947190369203639,0.947190369203639,0.0,0.000137535932753542,0.05267209131206292,3.5515445953101504e-09,8.984364734112312e-29,8.959114123817579e-283
90,0.0787878787878788,1.2899368200449604,1,0.9748424351828264,0.9748424351828264,0.0,0.00018894515657228965,0.024968619613417495,4.71837261166873e-11,2.1318159251269615e-23,5.6e-322
91,0.0909090909090908,1.1615877765559115,1,0.980023730580759,0.980023730580759,0.0,8.02124709390495e-05,0.01989605664678472,3.015172583166773e-10,5.381990895918738e-25,1.493965204730893e-292
92,0.103030303030303,1.0107240471084071,4,0.6318058832587821,0.3681657245746082,0.0,2.828683780712094e-05,0.6318058832587821,1.0532880245276037e-07,5.467682401953493e-26,7.402821779155936e-259
93,0.1151515151515152,1.327108304957078,1,0.9902333020813981,0.9902333020813981,0.0,6.637560561729598e-05,0.009700322303389065,9.595454144650748e-12,1.0703641515077929e-20,6.7357526e-317
94,0.1272727272727272,1.2300349454124655,1,0.987709474803913,0.987709474803913,0.0,3.219108612832025e-05,0.012258334050438063,5.952058294364604e-11,3.2697900016946528e-21,1.713908807290556e-293
95,0.1393939393939394,1.1308352383176064,1,0.8415566246478259,0.8415566246478259,0.0,2.0882234370598173e-05,0.15842248929296512,3.824838494020288e-09,5.60085903820609e-21,1.4225906638033325e-269
96,0.1515151515151516,1.2776956239932304,1,0.9915404941845267,0.9915404941845267,0.0,1.7221706789644894e-05,0.00844228409033435,1.834930521411482e-11,4.653615015774766e-19,1.4100039221043008e-294
97,0.1636363636363635,1.3689530390011193,1,0.9961629183120094,0.9961629183120094,0.0,1.5323736478058506e-05,0.0038217579497188173,1.7936818347854993e-12,1.1369662813312167e-17,1.326703907704844e-308
98,0.1757575757575757,1.383839084837789,1,0.9967938343631704,0.9967938343631704,0.0,1.0776398368938804e-05,0.0031953892373074197,1.1532188389670655e-12,5.828412747161996e-17,2.0530157232000886e-307
99,0.1878787878787879,1.5196307740907615,1,0.9962245262461381,0.9962245262461381,0.0,1.4872921997977275e-05,0.0037606008317306442,1.320165480727693e-13,1.2454040979399206e-15,0.0
100,0.1999999999999999,1.3317785709944054,1,0.991935617073673,0.991935617073673,0.0,4.4037360064701095e-06,0.008059979183498111,6.8213744286446036e-12,1.0846371778503001e-15,1.378970004649521e-288
101,0.2121212121212121,1.4279800338636222,1,0.9979633455508418,0.9979633455508418,0.0,3.6753922503643555e-06,0.00203297905656957,3.342258531015306e-13,4.120945169275398e-15,9.206155964964576e-304
102,0.2242424242424241,1.3925193061985746,1,0.9959348701132859,0.9959348701132859,0.0,2.2737768006645506e-06,0.00406285610868739,1.2056387083622697e-12,2.0456921445430138e-14,2.036987064418298e-292
103,0.2363636363636363,1.349351841192295,1,0.9815878104360474,0.9815878104360474,0.0,1.5376838446970327e-06,0.018410651868695366,1.1210305417193871e-11,2.021054403179874e-13,1.845569955942271e-279
104,0.2484848484848485,1.5678118867541735,1,0.9993230019533225,0.9993230019533225,0.0,1.832986575926271e-06,0.000675165060054912,9.50924315770508e-15,3.71692674405737e-14,1.5853e-319
105,0.2606060606060605,1.5582736867439226,1,0.9994172871679344,0.9994172871679344,0.0,1.092806594031466e-06,0.0005816200253816686,9.52838513152889e-15,8.034103983276221e-14,1.89097047817e-313
106,0.2727272727272727,1.5681488214304535,1,0.999500193796541,0.999500193796541,0.0,7.242712767805997e-07,0.0004990819320368997,6.772348508459915e-15,1.3851259242709598e-13,2.660922540373e-311
107,0.2848484848484849,1.6038401851576614,1,0.999648657773566,0.999648657773566,0.0,5.393399906910459e-07,0.0003508028863178691,2.5012202154053727e-15,1.2287904563113953e-13,2.052145051e-314
108,0.2969696969696969,1.53910156572432,1,0.9990380174540915,0.9990380174540915,0.0,2.749838338883605e-07,0.0009617075604594113,2.104475934850672e-14,1.594172681743354e-12,5.05857373801515e-297
109,0.3090909090909091,1.5377262111963628,1,0.9986284655982859,0.9986284655982859,0.0,1.818002253696639e-07,0.0013713525969087557,3.0283333653343485e-14,4.549620026471471e-12,1.5382399917157194e-292
110,0.3212121212121213,1.6454360321977914,1,0.999788417239422,0.999788417239422,0.0,1.6021132754044368e-07,0.00021142254908883303,6.859064686672397e-16,1.609278872024687e-13,1.8811184266984e-310
111,0.3333333333333332,1.7595635788595956,1,0.9999038177614789,0.9999038177614789,0.0,1.8780838689355558e-07,9.599443013082536e-05,3.930738626663331e-17,3.385942005610949e-15,0.0
112,0.3454545454545454,1.8195552617453747,1,0.9999175654755186,0.9999175654755186,0.0,1.7443653250133062e-07,8.226008794867173e-05,1.106112647236943e-17,3.193766611112434e-16,0.0
113,0.3575757575757576,1.77878613169611,1,0.9999457860192004,0.9999457860192004,0.0,7.42728542918135e-08,5.413970794417503e-05,1.50315611374652e-17,1.1459302161835539e-15,0.0
114,0.3696969696969696,1.741727893535387,1,0.999931652762045,0.999931652762045,0.0,3.620155969729308e-08,6.83110363887898e-05,3.650872215411928e-17,6.478661255880871e-15,1.1808511053e-313
115,0.3818181818181818,1.7852190779883583,1,0.9999599834333549,0.9999599834333549,0.0,2.732719080189518e-08,3.998923945364752e-05,9.491296292705782e-18,6.198709172304589e-16,1.656123e-318
116,0.393939393939394,1.7888062966248175,1,0.999961695786692,0.999961695786692,0.0,1.675389552431791e-08,3.8287459411961335e-05,8.343635950666923e-18,4.535722769234824e-16,4.20208249e-315
117,0.406060606060606,1.7300457449452578,1,0.9998353108072083,0.9998353108072083,0.0,8.389853642614134e-09,0.0001646808029143753,1.0288470642243274e-16,2.3522549552728172e-14,1.0577505564877593e-298
118,0.4181818181818182,1.83833542662048,1,0.9999796749964172,0.9999796749964172,0.0,7.736260188929002e-09,2.0317267322606124e-05,1.7088493261381307e-18,1.2976428310834724e-17,4.162089e-317
119,0.4303030303030304,1.7538199151989813,1,0.9998067226531507,0.9998067226531507,0.0,3.5593738667465245e-09,0.00019327378746855352,7.539598853869166e-17,6.774490565379142e-15,2.865448391097628e-295
120,0.4424242424242424,1.8749223067602416,1,0.9999870055295067,0.9999870055295067,0.0,3.2941934320848653e-09,1.2991176299870834e-05,5.31257370416569e-19,4.631089018242122e-19,1.8891187e-316
121,0.4545454545454546,2.0399793179386148,1,0.9999959404305911,0.9999959404305911,0.0,6.227645470525158e-09,4.053341763484613e-06,7.200460616813565e-21,1.0971945897321904e-24,0.0
122,0.4666666666666665,1.9991620711560008,1,0.9999971504353096,0.9999971504353096,0.0,2.390785856193493e-09,2.847173904549087e-06,1.07431814581903e-20,7.08871226850739e-24,0.0
123,0.4787878787878787,1.8837262228368352,1,0.999979134715277,0.999979134715277,0.0,7.393921490019642e-10,2.086454533091907e-05,6.7889566076962e-19,7.583444147487661e-20,8.443371739747556e-306
124,0.4909090909090909,1.9760238562467995,1,0.9999967914051925,0.9999967914051925,0.0,6.589802679936164e-10,3.207935827284752e-06,1.7921813060530147e-20,8.31467706385838e-24,4.125e-321
125,0.5030303030303029,1.939310501120227,1,0.9999910946760315,0.9999910946760315,0.0,3.2594815055396966e-10,8.904998020279739e-06,9.7476751049061e-20,1.4787868264072176e-22,3.43006051361098e-309
126,0.5151515151515151,2.0253019288488536,1,0.9999984203456117,0.9999984203456117,0.0,2.8685376045806806e-10,1.5793675345244612e-06,3.2880605028866497e-21,1.2376829700309917e-26,3e-323
127,0.5272727272727273,2.13783407986742,1,0.9999995714022641,0.9999995714022641,0.0,3.603434552386903e-10,4.2823739238966236e-07,9.888008097954901e-23,5.275178973947409e-32,0.0
128,0.5393939393939393,2.131028513852671,1,0.9999996426099809,0.9999996426099809,0.0,1.8288894391469267e-10,3.572071302168461e-07,9.172434069449553e-23,2.22652992223585e-32,0.0
129,0.5515151515151515,2.30176182948993,1,0.9999996393262263,0.9999996393262263,0.0,5.486227070646696e-10,3.601251510703267e-07,3.1025907657754353e-24,1.276806296702248e-40,0.0
130,0.5636363636363637,2.222670919473333,1,0.9999998703843876,0.9999998703843876,0.0,1.1431454699311031e-10,1.2950129789494535e-07,5.215326369594244e-24,4.5055897605530906e-38,0.0
131,0.5757575757575757,2.1678351820013666,1,0.9999998227864105,0.9999998227864105,0.0,3.849625581906206e-11,1.771750931621842e-07,2.0450621981886977e-23,3.798838054314127e-36,0.0
132,0.5878787878787879,2.2299295736882394,1,0.9999999249017145,0.9999999249017145,0.0,3.338247126703376e-11,7.506490303748417e-08,2.475536566047443e-24,4.350119501766963e-40,0.0
133,0.6000000000000001,2.1838045460653333,1,0.9999998513773569,0.9999998513773569,0.0,1.2787017768667293e-11,1.4860985600048475e-07,1.18685706730114e-23,2.313090123321387e-38,0.0
134,0.6121212121212121,2.1340420844755044,1,0.9999992460825795,0.9999992460825795,0.0,5.552165469599086e-12,7.539118683158512e-07,1.5599445471596993e-22,4.2872312681087315e-36,3.080558273e-313
135,0.6242424242424243,2.35294697474785,1,0.9999999835391371,0.9999999835391371,0.0,1.4380521952666695e-11,1.6446482329035248e-08,4.2313884072366555e-26,1.8061895569852065e-49,0.0
136,0.6363636363636365,2.3534465908818047,1,0.9999999880964208,0.9999999880964208,0.0,7.26110555685155e-12,1.1896318166988024e-08,2.939031205985592e-26,1.4925935976017844e-50,0.0
137,0.6484848484848484,2.27768535980218,1,0.9999999671575018,0.9999999671575018,0.0,2.0310333594151075e-12,3.284046709898493e-08,3.624064742763676e-25,6.094210964162002e-47,0.0
138,0.6606060606060606,2.343126980166628,1,0.9999999901368735,0.9999999901368735,0.0,1.7332437324261488e-12,9.86139329805165e-09,2.825734361270601e-26,5.9315263861645486e-52,0.0
139,0.6727272727272726,2.4447296804453296,1,0.9999999970233703,0.9999999970233703,0.0,2.2648630815051304e-12,2.974364820978513e-09,1.039899558580737e-27,2.151795128937355e-59,0.0
140,0.6848484848484848,2.4374050837934518,1,0.9999999976463391,0.9999999976463391,4.47753139e-315,1.0356000122432448e-12,2.3526253079223224e-09,9.258961963544638e-28,4.022504581160553e-60,0.0
141,0.696969696969697,2.276891293839418,1,0.9999998677778131,0.9999998677778131,2.5523773309266365e-285,1.812234776078706e-13,1.322220057560119e-07,1.3211468098921247e-24,4.74202713498067e-50,4.91428917e-315
142,0.709090909090909,2.437671419901004,1,0.9999999981444125,0.9999999981444125,4.8908434292082557e-281,2.60973525092281e-13,1.8553264713911735e-09,6.812005656618007e-28,1.9129405722652883e-62,0.0
143,0.7212121212121212,2.429013720385173,1,0.9999999976768302,0.9999999976768302,3.257106802800018e-264,1.242809140320873e-13,2.3230454977854294e-09,9.87364433023952e-28,6.130559852479454e-63,0.0
144,0.7333333333333334,2.555706722597761,1,0.99999999967224,0.99999999967224,7.337370142343375e-258,1.9802401442362045e-13,3.2756201590177026e-10,9.704559721997513e-30,2.8943334186623664e-73,0.0
145,0.7454545454545454,2.573392510011704,1,0.9999999997840661,0.9999999997840661,3.55875731938938e-244,1.144572376152044e-13,2.15819507674516e-10,4.262904780213465e-30,6.196563519002108e-76,0.0
146,0.7575757575757576,2.620640141405759,1,0.9999999998831071,0.9999999998831071,4.126673624597304e-233,9.18184005128521e-14,1.16801030547828e-10,8.226393781871058e-31,7.439249022911484e-81,0.0
147,0.7696969696969698,2.4499623922963227,1,0.9999999962066162,0.9999999962066162,7.479625789365567e-207,1.0489189050162309e-14,3.79337337010475e-09,9.208148121104242e-28,7.45559997413699e-69,0.0
148,0.7818181818181817,2.500907440911865,1,0.9999999990153908,0.9999999990153908,1.714900758823266e-197,7.423606353343698e-15,9.846017664949865e-10,8.019178840586794e-29,3.662369959018919e-74,0.0
149,0.793939393939394,2.677005382769623,1,0.999999999969625,0.999999999969625,1.5181756683689624e-197,1.7665213592098582e-14,3.0357288823199894e-11,5.788772660319258e-32,8.147614433493317e-90,0.0
150,0.8060606060606061,2.5647895468938167,1,0.9999999997537484,0.9999999997537484,1.4971932970994587e-177,2.9815294133807887e-15,2.4624862903866496e-10,4.90804604357136e-30,5.403662763526783e-82,0.0
151,0.8181818181818181,2.514648997890492,1,0.9999999977345331,0.9999999977345331,3.235791420627329e-162,1.1311003391202116e-15,2.2654657027910537e-09,1.2531573566418092e-28,8.340413645440783e-79,0.0
152,0.8303030303030303,2.703213779615186,1,0.9999999999878996,0.9999999999878996,3.4170972374173407e-165,2.368478071329631e-15,1.2098105434455787e-11,1.1781123483296122e-32,9.39023490315218e-97,0.0
153,0.8424242424242425,2.641071009627207,1,0.9999999999459008,0.9999999999459008,1.597844936400666e-150,6.498202007577432e-16,5.409849169720858e-11,1.9237752264941879e-31,9.090407011654475e-93,0.0
154,0.8545454545454545,2.852274170715581,1,0.999999999998054,0.999999999998054,2.84299153143254e-155,2.9011258070942583e-15,1.9430525801844924e-12,6.877903916308645e-35,4.266463367608302e-113,0.0
155,0.8666666666666667,2.75702809765241,1,0.9999999999961945,0.9999999999961945,5.296566068162502e-140,4.168016955152398e-16,3.805051448419567e-12,1.0354889331736913e-33,2.0084209984568076e-106,0.0
156,0.8787878787878789,2.770396500507091,1,0.9999999999971239,0.9999999999971239,1.8360915978698538e-132,2.2157626261528958e-16,2.8758914855738375e-12,5.634379526348095e-34,2.4588948683241417e-109,0.0
157,0.8909090909090909,2.7522786704889213,1,0.9999999999949616,0.9999999999949616,2.6379752282352824e-123,8.826035153330989e-17,5.038362145803028e-12,1.4092317153777398e-33,2.982362076466535e-109,0.0
158,0.9030303030303032,2.933327432774764,1,0.9999999999997624,0.9999999999997624,4.298029817821284e-128,3.005225425642073e-16,2.3749651851161144e-13,1.1923949100198243e-36,2.594484979157891e-128,0.0
159,0.915151515151515,2.858987387094216,1,0.9999999999995575,0.9999999999995575,1.1606164547547711e-116,5.312331740185967e-17,4.425009654225329e-13,1.1069902445819143e-35,3.987413958894326e-123,0.0
160,0.9272727272727272,2.821865493092958,1,0.9999999999987961,0.9999999999987961,5.135436614319259e-108,1.7004764027108585e-17,1.2039789239474495e-12,6.557006134331226e-35,3.487039054246875e-121,0.0
161,0.9393939393939394,2.815261182259443,1,0.9999999999980433,0.9999999999980433,5.389551115508445e-102,7.582637493618937e-18,1.9567593320829826e-12,1.1850352686970722e-34,3.318399489165035e-122,0.0
162,0.9515151515151514,2.8971524586651656,1,0.9999999999997997,0.9999999999997997,1.026725136121008e-102,7.316639087948204e-18,2.003801350826728e-13,1.908611660278644e-36,1.4446646497674704e-132,0.0
163,0.9636363636363636,2.849060980300343,1,0.9999999999988103,0.9999999999988103,5.105851684941607e-95,2.219778991842379e-18,1.1896793362112317e-12,3.1615854379332044e-35,3.106271021978597e-129,0.0
164,0.9757575757575758,3.033825346849467,1,0.9999999999999876,0.9999999999999876,1.4027535288386205e-103,6.71992050194045e-18,1.245678589229013e-14,5.090274924977051e-39,5.989949977460163e-151,0.0
165,0.9878787878787878,2.8310902114356367,1,0.9999999999924478,0.9999999999924478,1.2100680769930087e-86,4.54822152339172e-19,7.552075257216634e-12,2.760197354972242e-34,1.3340217412049097e-130,0.0
166,1.0,2.9888388777333543,1,0.9999999999999734,0.9999999999999734,4.681251928113286e-95,7.482926761466477e-19,2.661174322155605e-14,2.758274295567795e-38,2.8801046986431294e-150,0.0
167,0.7071067811865476,-0.6582960975795127,7,0.883318197380162,0.0,2.644214031606056e-156,7.87375445390394e-310,2.6337712288310025e-05,0.11665546490754958,2.6953295780847525e-38,0.883318197380162
168,0.7138062780276406,-0.672973646149979,7,0.9149510642249948,0.0,7.408976022026832e-149,1.73567388e-315,1.5772319909998947e-05,0.0850331634550952,1.2904558811588044e-38,0.9149510642249948
169,0.7204410831113777,-0.7508987845641002,7,0.9235107414404852,0.0,3.03033635959076e-141,0.0,5.4178240671008784e-06,0.0764838407354477,2.1447080992344376e-42,0.9235107414404852
170,0.7270105951300738,-0.6338055442732895,7,0.9245174684458187,0.0,5.814590279563161e-135,1.64928175505e-313,2.1921964410609097e-05,0.07546060958977065,2.2697048595709136e-35,0.9245174684458187
171,0.7335142186935081,-0.7505572575178171,7,0.9286960824310828,0.0,1.1382940664318275e-127,0.0,4.898310230637954e-06,0.07129901925868648,3.6655522785916976e-41,0.9286960824310828
172,0.7399513643828839,-0.6744511462209972,7,0.9531457817676746,0.0,9.91958888332125e-122,0.0,7.987567399825348e-06,0.04684623066492549,1.3815196961390849e-36,0.9531457817676746
173,0.746321448804247,-0.6134383524639395,7,0.9500482082112238,0.0,9.33764759973958e-116,9.713706e-318,1.7812860024195317e-05,0.04993397892875194,7.8022184225098e-33,0.9500482082112238
174,0.7526238946413588,-0.6214176388254821,7,0.959226173414487,0.0,8.95663154534588e-110,5.83e-322,1.2965623922664957e-05,0.04076086096159035,8.453520326513004e-33,0.959226173414487
175,0.758858130708017,-0.7052590901440391,7,0.9540822548883294,0.0,1.2472142101725323e-103,0.0,5.1146259586737966e-06,0.04591263048571188,1.4312263634071933e-36,0.9540822548883294
176,0.7650235919998232,-0.5482026930837063,7,0.9480914412484419,0.0,1.3131471834414058e-98,5.66674562703e-313,4.012660019022837e-05,0.05186843215136788,4.150933126336278e-28,0.9480914412484419
177,0.7711197197453876,-0.6297546084002456,7,0.9708432150921796,0.0,3.67530266805609e-93,0.0,7.987397673491693e-06,0.029148797510146884,7.664358817836358e-32,0.9708432150921796
178,0.7771459614569709,-0.5698807581747053,7,0.9695886961352627,0.0,3.429502203527403e-88,2.4e-322,1.7378870668467565e-05,0.030393924994068896,1.9529732106883546e-28,0.9695886961352627
179,0.7831017709805553,-0.4995654925854624,7,0.9475523615302733,0.0,2.9258285989785934e-83,3.9917664158046e-311,7.221387739975076e-05,0.05237542459232693,1.6009795683997653e-24,0.9475523615302733
180,0.7889866085453427,-0.5250087495128223,7,0.9679484018599426,0.0,1.3437226514004497e-78,1.343503e-318,3.146668592428683e-05,0.03202013145413314,1.8670421182140415e-25,0.9679484018599426
181,0.7947999408126729,-0.5172611776250359,7,0.9705178613972544,0.0,4.3633383999479145e-74,1.5078e-319,3.152878946879917e-05,0.029450609813276886,9.94484814746565e-25,0.9705178613972544
182,0.8005412409243604,-0.5838632721233891,7,0.9795826957770686,0.0,1.0043901212042296e-69,0.0,9.252110691716078e-06,0.02040805211223967,1.662464648835104e-27,0.9795826957770686
183,0.8062099885504429,-0.5281146811079136,7,0.9789667810926765,0.0,1.2152408384050067e-65,0.0,1.907744932871801e-05,0.021014141457994736,1.479490306123875e-24,0.9789667810926765
184,0.8118056699363386,-0.5668399701233452,7,0.9817206333185248,0.0,1.1834706863478558e-61,0.0,1.0000232379134516e-05,0.018269366449096092,5.887928891548816e-26,0.9817206333185248
185,0.8173277779494069,-0.672918937865026,7,0.9460834624539969,0.0,2.0619547495646266e-57,0.0,7.696115596806298e-06,0.05390884143040634,4.651869950627386e-30,0.9460834624539969
186,0.8227758121249105,-0.5441465432475241,7,0.9835057689867199,0.0,2.7918923415605635e-54,0.0,1.1734332213488574e-05,0.016482496681066605,3.1541531048782207e-24,0.9835057689867199
187,0.8281492787113708,-0.5399987235418168,7,0.98409403039366,0.0,7.801119474719256e-51,0.0,1.1782401499126275e-05,0.01589418720484083,1.0628477067570256e-23,0.98409403039366
188,0.8334476907153177,-0.5059000105051571,7,0.9846245830632451,0.0,1.4884694072052757e-47,0.0,1.7418779738558167e-05,0.015357998157016285,6.476518220274386e-22,0.9846245830632451
189,0.838670567945424,-0.5548787930320987,7,0.9832123427971017,0.0,2.1781851371300775e-44,0.0,1.0034967534226486e-05,0.016777622235364113,1.2764753703792721e-23,0.9832123427971017
190,0.8438174370560263,-0.5975467948943088,7,0.9729545520589507,0.0,2.816868822081827e-41,0.0,9.289451042207298e-06,0.027036158490007137,6.1371927490023885e-25,0.9729545520589507
191,0.8488878315900227,-0.4760525446088239,7,0.9858660810381156,0.0,1.3605723973946163e-38,0.0,2.2739994635568193e-05,0.014111178967248934,8.950380389114036e-20,0.9858660810381156
192,0.8538812920211482,-0.6255295909532521,7,0.9464568427587684,0.0,1.3280668672946347e-35,0.0,1.2605294849320708e-05,0.05353055194638233,3.3138522698764257e-25,0.9464568427587684
193,0.8587973657956209,-0.3956098841860194,7,0.9783814028992248,0.0,4.112709198970843e-33,9.4e-323,9.738611375994761e-05,0.021521210987014684,5.891376700530438e-16,0.9783814028992248
194,0.863635607373157,-0.5226300362492312,7,0.984281976300203,0.0,5.926032365459689e-31,0.0,1.3399392584714772e-05,0.01570462430721226,1.0236115211345794e-20,0.984281976300203
195,0.8683955782673496,-0.4762298261570478,7,0.9871320631698756,0.0,1.1379052174549556e-28,0.0,1.9777801062526758e-05,0.012848159029061891,1.1058544511065541e-18,0.9871320631698756
196,0.8730768470854081,-0.4428979756923705,7,0.9873342901934901,0.0,1.8504436034791868e-26,0.0,2.975759799140733e-05,0.012635952208518628,3.6623599463951595e-17,0.9873342901934901
197,0.8776789895672557,-0.4319939431325215,7,0.9873834712918281,0.0,2.119640627722031e-24,0.0,3.385465391439482e-05,0.012582674054257214,1.6269637516615863e-16,0.9873834712918281
198,0.8822015886239788,-0.5835906554851638,7,0.9463695113280849,0.0,2.28889996463423e-22,0.0,2.0041381085650615e-05,0.05361044729082949,1.4565512001352635e-21,0.9463695113280849
199,0.8866442343756287,-0.3965252350266537,7,0.9865401363663144,0.0,1.4441219812189497e-20,0.0,5.651779799381846e-05,0.013403345835682506,9.230887087119467e-15,0.9865401363663144
200,0.8910065241883679,-0.4297381934694448,7,0.9878055557244018,0.0,5.445745548330466e-19,0.0,3.275170503098985e-05,0.01216169257056628,9.286270280322324e-16,0.9878055557244018
201,0.8952880627109605,-0.4963086039361782,7,0.9811774251948895,0.0,1.8329999129545625e-17,0.0,2.097821973233789e-05,0.01880159658537817,8.524462313026988e-18,0.9811774251948895
202,0.8994884619106032,-0.4969178684450326,7,0.9794361754277051,0.0,5.707388971141381e-16,0.0,2.2522400387176907e-05,0.020541302171907083,1.483770272184168e-17,0.9794361754277051
203,0.9036073411080916,-0.4550859781601289,7,0.985371530702127,0.0,1.4303163957152592e-14,0.0,2.740683679314659e-05,0.014601062461064945,5.943240152448338e-16,0.985371530702127
204,0.907644327012322,-0.5236394636303361,7,0.962172223953851,0.0,3.1323031647889495e-13,0.0,2.8751346790664256e-05,0.03779902469904507,7.268046852461676e-18,0.962172223953851
205,0.9115990537541212,-0.273299093777907,7,0.9656010227540018,0.0,3.8095718183548075e-11,8.053e-321,0.0007086465009717637,0.033690328201512534,2.505418191525919e-09,0.9656010227540018
206,0.915471162919406,-0.2834914794676003,7,0.9733546674948689,0.0,3.948725602370545e-10,0.0,0.000475555950470749,0.02616977478044431,1.379343547385788e-09,0.9733546674948689
207,0.9192603035816655,-0.3575142020838662,7,0.987003299512646,0.0,1.2941608693303323e-09,0.0,8.561858435028897e-05,0.012911080603419478,5.42334323993044e-12,0.987003299512646
208,0.9229661323337656,-0.4027530479117505,7,0.9865174573608848,0.0,7.670646329741101e-09,0.0,4.829796372881605e-05,0.01343423700445709,2.829658062145464e-13,0.9865174573608848
209,0.9265883133190714,-0.3918458885735914,7,0.9866202660280123,0.0,6.362442414820422e-08,0.0,5.497389369184638e-05,0.01332469645295615,9.154333542682398e-13,0.9866202660280123
210,0.930126518261886,-0.3065939843641659,7,0.9837435429165203,0.0,1.163762619844937e-06,0.0,0.00020704560413844803,0.016048247077744684,6.389766997607164e-10,0.9837435429165203
211,0.9335804264972016,-0.2177417975851442,7,0.9468123878898037,0.0,4.129489221290603e-05,5.2245e-319,0.0022050903094860794,0.05094048593074882,7.409777485019253e-07,0.9468123878898037
212,0.9369497249997616,-0.3950959187668378,7,0.9845630339355704,0.0,1.0820096097873609e-05,0.0,5.939603628551433e-05,0.015366749929775509,2.270678762985668e-12,0.9845630339355704
213,0.9402341084124294,-0.4299356213717067,7,0.9771528114484176,0.0,3.834771590754347e-05,0.0,5.493752369006627e-05,0.022753903311639286,3.4551169862305334e-13,0.9771528114484176
214,0.9434332790738624,-0.2077511725586521,7,0.9469029808451658,0.0,0.0035439778657779296,3.47e-321,0.002306838897148963,0.04724374746327322,2.454928634186794e-06,0.9469029808451658
215,0.94654694704549,-0.46553716866889,7,0.9519067183929257,0.0,0.0004458775867145967,0.0,7.076257011110596e-05,0.04757664145015965,8.889940047407673e-14,0.9519067183929257
216,0.9495748301377892,-0.3942229596027129,7,0.9792102317098994,0.0,0.001551670184917698,0.0,7.297366259756115e-05,0.01916512443280678,9.77850629825651e-12,0.9792102317098994
217,0.9525166539358604,-0.3242351236707752,7,0.9777044156984662,0.0,0.007833307328240323,0.0,0.00013913755702675386,0.01432313828108187,1.1351848219609367e-09,0.9777044156984662
218,0.9553721518242968,-0.4202395716266025,7,0.961673265138469,0.0,0.008210825040940332,0.0,7.983118905356827e-05,0.030036078627549364,3.9877895069495135e-12,0.961673265138469
219,0.9581410650113468,-0.1973245987736525,7,0.6522224355858516,0.0,0.3185539933145667,0.0,0.001522263180836483,0.02769468050618797,6.627412557331045e-06,0.6522224355858516
220,0.96082314255237,-0.2086097849025978,7,0.5838100971095315,0.0,0.39567989133842835,0.0,0.0009160455411133044,0.01959099030173918,2.9757091876240453e-06,0.5838100971095315
221,0.963418141372579,-0.3139862284506042,7,0.8596963728851702,0.0,0.1265192596167233,0.0,0.00014897959060648108,0.01363538304080054,4.8666994579107864e-09,0.8596963728851702
222,0.9659258262890684,-0.1564499155683009,2,0.8812086889362915,0.0,0.8812086889362915,2.554e-321,0.0008165084505008999,0.008505354301637204,2.6894953282426183e-05,0.10944255335828802
223,0.9683459700321304,-0.1336684690726322,2,0.9557638510464402,0.0,0.9557638510464402,3.549926e-318,0.0006235119865925075,0.004733178747060096,5.176916392089997e-05,0.03882768905598618
224,0.9706783532658524,-0.2494357113041976,2,0.5981723912143369,0.0,0.5981723912143369,0.0,0.00020041493699896913,0.007680678969366865,2.1909967508043026e-07,0.3939462957796223
225,0.972922764607994,-0.2671839240867136,2,0.5824960646932171,0.0,0.5824960646932171,0.0,0.00014858921189614939,0.00730252159852654,8.664103460211695e-08,0.4100527378553256
226,0.9750790006491444,-0.0410897709113904,2,0.9975008138296081,0.0,0.9975008138296081,4.8738813932239396e-304,0.000408440066358745,0.0008392002509228831,0.0007011585349474936,0.0005503873181628199
227,0.9771468659711596,-0.1548723437862442,2,0.9680841343293098,0.0,0.9680841343293098,0.0,0.00017502634141278048,0.0018180496910903217,1.0932716610416355e-05,0.0299118569215767
228,0.9791261731648692,-0.182747409096034,2,0.9401581977805019,0.0,0.9401581977805019,0.0,0.00013733337478640515,0.0021162603974453635,3.5326782623027543e-06,0.05758467576900393
229,0.9810167428470652,-0.0848393766729622,2,0.9967073609679141,0.0,0.9967073609679141,7.48584032e-315,0.0001721774381896369,0.0006678054468291011,0.00011431467308834728,0.0023383414739786192
230,0.9828184036767555,-0.1604206975656037,2,0.9707080776253514,0.0,0.9707080776253514,0.0,0.00012040837723034394,0.0013654973172005634,8.224657815971844e-06,0.027797792022401756
231,0.9845309923706962,-0.2156601632861412,2,0.8900317057898133,0.0,0.8900317057898133,0.0,0.00010478984793122205,0.002580629735417141,1.0530659059402388e-06,0.10728182156093248
232,0.9861543537181866,-0.1594172244153698,2,0.9717459687280782,0.0,0.9717459687280782,0.0,0.00011266958714101134,0.0012671387962547216,9.345886362290293e-06,0.02686487700216388
233,0.9876883405951378,-0.073342122054652,2,0.9976857999102875,0.0,0.9976857999102875,1.578531863e-315,0.0001427098217528538,0.0004747593337809909,0.00016564993673927073,0.001531080997439429
234,0.9891328139774056,-0.3063995925892677,2,0.5952714935850113,0.0,0.5952714935850113,0.0,0.00010315716134949801,0.008957913794001087,3.0596037908083244e-08,0.39566740486360014
235,0.9904876429533908,-0.1606441639288664,2,0.9664933064482057,0.0,0.9664933064482057,0.0,0.00012022545626908574,0.0013860280243111957,1.1719103611819903e-05,0.03198872096760211
236,0.9917527047359028,-0.0175215996345643,2,0.9983654448107586,0.0,0.9983654448107586,9.18191823000027e-307,0.00019522812656068889,0.00029293680728049857,0.0009596737987670273,0.0001867164566329564
237,0.9929278846732884,-0.1596685347447866,2,0.962100922058665,0.0,0.962100922058665,0.0,0.00013488463355201165,0.0015403329724792297,1.517075598169107e-05,0.03620868957932204
238,0.9940130762598222,0.0144275104655497,2,0.9969834335450438,0.0,0.9969834335450438,9.7516351535659e-302,0.00025501116008300753,0.00024157553287355402,0.00246832912486293,5.165063713648411e-05
239,0.9950081811453596,0.0133861217310023,2,0.9968502912893483,0.0,0.9968502912893483,2.6253408133592445e-302,0.0002650583162720053,0.0002552925149431962,0.0025693339279788956,6.002395145775013e-05
240,0.9959131091442496,-0.0955588783020311,2,0.9926455279439482,0.0,0.9926455279439482,6e-323,0.00017987036175332315,0.0008326428392616485,0.00015416215016553333,0.006187796704871164
241,0.9967277782435088,-0.1263146733743013,2,0.9794400096772449,0.0,0.9794400096772449,0.0,0.00018384512194557983,0.001319330747522592,6.82858287005913e-05,0.018988528624586356
242,0.9974521146102536,-0.094327893131203,2,0.9916176445610884,0.0,0.9916176445610884,2.5e-323,0.0002054135586015629,0.0009366894323703461,0.00019193378883765335,0.007048318659102114
243,0.9980860525983922,0.1513287873644718,2,0.9457166339232973,4.970484885863078e-304,0.9457166339232973,2.105483481307793e-278,0.0010002347350303131,0.00012678953093802866,0.05315630048990656,4.132082794672349e-08
244,0.9986295347545738,0.0976179995117157,2,0.9781581715155473,7.98767614e-316,0.9781581715155473,2.92577787062137e-288,0.000619431330085788,0.0001744224917355486,0.021046835478484013,1.1391841473839886e-06
245,0.9990825118233956,-0.0327955195750633,2,0.9971665018246912,0.0,0.9971665018246912,2.256489289156e-312,0.000284315779654645,0.0005378132719728678,0.001218849938325277,0.0007925191853560069
246,0.9994449427518668,-0.0819660411635888,2,0.9925674975198807,0.0,0.9925674975198807,1.04e-321,0.00025684987143447137,0.0009849250218386257,0.00035347154458352086,0.005837256042262816
247,0.999716794693129,-0.0144344146996064,2,0.996740595286884,0.0,0.996740595286884,3.43641727090562e-309,0.00032616106192813314,0.00047363740377930866,0.0020683276981431223,0.00039127854926542736
248,0.9998980430094332,0.0052266728395539,2,0.9957124884949531,0.0,0.9957124884949531,1.2909691418736697e-305,0.0003643371100542899,0.00039792416558504976,0.003360873487783132,0.00016437674162447853
249,0.9999886712743732,-0.1042286699029409,2,0.9842891217837603,0.0,0.9842891217837603,0.0,0.00026377303986151136,0.0013907708379526317,0.00020620022398689188,0.013850134114438709
250,0.9999886712743732,0.0111632724314134,2,0.9952218981668199,0.0,0.9952218981668199,1.4946897648298673e-304,0.00037907466519908654,0.0003798382320717161,0.003893054926470182,0.00012613400943910862
251,0.9998980430094332,0.1200718272747256,2,0.9638595090236224,1.8146497365745e-311,0.9638595090236224,1.1667428948769711e-284,0.0008291179113929447,0.0001677058872053445,0.03514329685401582,3.703237634140484e-07
252,0.999716794693129,-0.1201508369512103,2,0.9754049214433091,0.0,0.9754049214433091,0.0,0.00025130577859839236,0.0016607981945406817,0.00012499849794555135,0.02255797608560631
253,0.9994449427518668,0.0994404742449359,2,0.9758952496597957,9.3895844e-316,0.9758952496597957,3.1875018540510918e-288,0.0006676354291962302,0.00018319542523239258,0.023252763306347745,1.1561794280368599e-06
254,0.9990825118233956,0.1528106349239848,2,0.9411377372376286,4.1431016357746875e-304,0.9411377372376286,1.7007094899830592e-278,0.0010754127831248792,0.00013349992332504698,0.05765330666017677,4.3395744677642906e-08
255,0.9986295347545738,0.0074913686353943,2,0.996129813065165,0.0,0.996129813065165,9.730347434299541e-305,0.0003279141273589745,0.00034590786453740673,0.003073111313691383,0.00012325362924722698
256,0.9980860525983922,0.1973744326509274,2,0.8911271036607348,3.070371170022185e-294,0.8911271036607348,3.195492804181108e-270,0.001655986468540204,0.00010530810448849212,0.1071115998283032,1.937933383994301e-09
257,0.9974521146102536,0.0161122182033646,2,0.9959791536145637,0.0,0.9959791536145637,1.021611043286037e-302,0.00031346339514698175,0.0002912013853087191,0.003346133454158915,7.004815082182862e-05
258,0.9967277782435088,0.1161181419320135,2,0.9727298102769759,4.7303813635854e-311,0.9727298102769759,3.154727752464659e-284,0.0006564129752388498,0.00014022254230022538,0.026473253925146024,3.002803389441376e-07
259,0.9959131091442496,0.0657747342898246,2,0.9903164487693809,1.176e-321,0.9903164487693809,4.7650407983176e-293,0.0004038111819017203,0.0001811024362709308,0.009093969888827935,4.667723618424807e-06
260,0.9950081811453596,0.0752336752447744,2,0.988819903593433,3.23855e-319,0.988819903593433,5.465768522267774e-291,0.0004196575547599087,0.0001635811419514466,0.010594332655061938,2.5250547934860017e-06
261,0.9940130762598222,0.0598772487883194,2,0.9922665018285204,3.75e-322,0.9922665018285204,2.0770447754665192e-293,0.0003560281761174077,0.0001736567548706545,0.007198606135487615,5.207105003806275e-06
262,0.9929278846732884,0.1746051011262668,2,0.930502082399172,5.779742420646858e-297,0.930502082399172,2.37000585000437e-272,0.0011248536184507436,0.00010007019772341107,0.06827298885468823,4.929965691323236e-09
263,0.9917527047359028,0.1960706281396087,2,0.900645994031456,6.223668300189098e-292,0.900645994031456,4.153049157906251e-268,0.001469294788859022,9.459796378652726e-05,0.09779011219408826,1.0218101977569811e-09
264,0.9904876429533908,0.1324479288075536,2,0.9675630438854871,6.254181785132976e-305,0.9675630438854871,6.230505233365707e-279,0.0006996666169704765,0.0001163782423854044,0.0316208511479945,6.010716277996927e-08
265,0.9891328139774056,0.0382272901875488,2,0.9957602681473363,0.0,0.9957602681473363,1.8406648206380286e-295,0.00028226470842903094,0.0001877198068993928,0.0037586985607633416,1.1048776572082603e-05
266,0.9876883405951378,0.188688078370982,2,0.9002813885967045,9.320461093812887e-292,0.9002813885967045,7.868359014692643e-268,0.001501302437237682,0.0001074864763709521,0.09810982121772323,1.2719635679757739e-09
267,0.9861543537181866,0.1995911540072297,2,0.8698022450851798,8.53936968473459e-289,0.8698022450851798,2.6623656653109566e-265,0.0018692984010776072,0.00011342275767475945,0.12821503320869523,5.473725496137965e-10
268,0.9845309923706962,0.1578733155016919,2,0.9325654002918665,6.900555958043102e-297,0.9325654002918665,5.181896230463847e-272,0.0012219640786726262,0.00013819870381099835,0.06607442795200213,8.973647697180135e-09
269,0.9828184036767555,0.3339536513403101,6,0.6600334203125222,7.084024386941905e-260,0.3285140034603935,5.574082314484018e-241,0.011363513617468374,8.906260960917626e-05,0.6600334203125222,6.802002073721929e-15
270,0.9810167428470652,0.0688087112120789,2,0.988384609946076,2.031474384e-314,0.988384609946076,1.5938413166249088e-286,0.0005748803937314839,0.00024166048713066514,0.01079695389021323,1.8952828486052598e-06
271,0.9791261731648692,0.0258706845132568,2,0.9953211642628811,7e-323,0.9953211642628811,1.59548029309314e-293,0.0004490677973127093,0.0003525611831851362,0.0038580932925677217,1.9113464053300413e-05
272,0.9771468659711596,0.1540984975771629,2,0.8736301153540018,2.747207308700071e-294,0.8736301153540018,1.4591622626454932e-269,0.00245690278557526,0.00029133349011423865,0.12362163644544995,1.1924858697772775e-08
273,0.9750790006491448,0.2786918958581045,6,0.7398246725616733,9.536902211412261e-268,0.25090154716173074,2.5854064526151674e-247,0.009108695558674579,0.00016508471738377182,0.7398246725616733,5.375536626820571e-13
274,0.972922764607994,0.1466628988865658,2,0.8099864904450986,7.659052461985707e-294,0.8099864904450986,5.0894921422126586e-269,0.004095456900974143,0.0005396581137038899,0.18537837083583814,2.3704385211782128e-08
275,0.9706783532658524,0.1619043859589065,2,0.6547302552624543,1.4148333833946538e-289,0.6547302552624543,2.2938953462272738e-265,0.006585508903833527,0.0006897799701057379,0.3379944469708268,8.892779474117358e-09
276,0.9683459700321304,0.3256935702391908,6,0.9605651400480547,8.412525643970107e-256,0.02690557937657843,3.956582858405416e-237,0.012420226016502393,0.00010905455886212566,0.9605651400480547,2.3325984037963146e-15
277,0.9659258262890684,0.2958228789263406,6,0.9635520587069542,1.0792182017283244e-260,0.02512016774549318,3.873050216101889e-241,0.011173202928353642,0.00015457061916442286,0.9635520587069542,3.4639767653113256e-14
278,0.963418141372579,0.2981676430436508,6,0.9772895398840614,2.938180724465905e-259,0.01142714788464502,7.259734645175351e-240,0.01113504354355773,0.0001482686877167321,0.9772895398840614,1.913312375456739e-14
279,0.96082314255237,0.339676520100248,6,0.9856652786253723,3.1934557951161604e-250,0.0019989955446282387,3.0089828360737378e-232,0.012249540257317944,8.618557268127094e-05,0.9856652786253723,1.6563387950854851e-16
280,0.9581410650113468,0.2522810875363497,6,0.9821164121294532,3.9232372775300784e-266,0.00605655184253359,2.0021416916774984e-245,0.011520669197611721,0.0003063668293817979,0.9821164121294532,1.0196660157637204e-12
281,0.9553721518242968,0.2650861682775447,6,0.9870074997117401,1.5118982569504746e-262,0.0016095877186445874,2.3477033646176696e-242,0.011139579665833867,0.000243332903591815,0.9870074997117401,1.8968205867917233e-13
282,0.9525166539358604,0.369268834074821,6,0.9871929170805493,1.8954502285385278e-241,4.0625244895821095e-05,1.121509385907994e-224,0.012710165951950332,5.6291722604530364e-05,0.9871929170805493,1.5962084483838298e-18
283,0.9495748301377892,0.2059495524800053,6,0.9825127786585796,9.691855109100956e-272,0.0008660611312685924,8.397264094990835e-250,0.015785693855215187,0.0008354663145589879,0.9825127786585796,4.0377694999386117e-11
284,0.94654694704549,0.1511484939502502,6,0.9657549718292651,3.2090389899960734e-281,0.0013916778755179878,1.5133415655520924e-257,0.029349318595484647,0.003504024424889089,0.9657549718292651,7.274843102908611e-09
285,0.9434332790738624,0.2968997005560454,6,0.9895018064416871,8.690742337671957e-252,3.722895484675132e-06,4.940858058233377e-233,0.010356569468305456,0.00013790119452168831,0.9895018064416871,1.1423440804489841e-15
286,0.9402341084124294,0.4149986010870961,6,0.9856518380417125,2.2737897455184577e-228,3.034440770726833e-08,2.185353096341297e-213,0.014317200779353648,3.09308345260645e-05,0.9856518380417125,8.225523244199086e-22
287,0.9369497249997616,0.3699089555180426,6,0.989214864975791,1.4205180218806279e-235,1.491828922881848e-08,2.5510818754196364e-219,0.01073864317762671,4.6476928293031216e-05,0.989214864975791,9.454785448742125e-20
288,0.9335804264972016,0.4269512698751415,6,0.9858094733505317,8.89013669282675e-224,4.264398778604209e-10,2.341544730741605e-209,0.014165239969015054,2.5286254013374206e-05,0.9858094733505317,5.1856975300628587e-23
289,0.930126518261886,0.20593569602423,6,0.9785913306820725,6.5664900928392275e-264,5.0329925250843e-08,1.1480287588790932e-242,0.020354274701731047,0.0010543442820399264,0.9785913306820725,4.231273235858613e-12
290,0.9265883133190714,0.4013169942044791,6,0.9888309542361962,5.5325030940370944e-226,8.754999637179742e-12,5.230231574300245e-211,0.011139608691193048,2.943706385578195e-05,0.9888309542361962,3.12352167900762e-22
291,0.9229661323337656,0.4371903349757735,6,0.9867828931855324,3.818082095009869e-218,2.378841269010418e-13,2.3988725016610865e-204,0.013197174656090549,1.993215813921604e-05,0.9867828931855324,1.6675562781566847e-24
292,0.9192603035816655,0.2855864243530866,6,0.987783065567035,1.2308961124199888e-244,2.2786109861970232e-12,2.4811067311541412e-226,0.012031132833844832,0.0001858015968414739,0.987783065567035,1.1282171716330464e-16
293,0.915471162919406,0.4713481927227913,6,0.9843723234908537,2.2270062853240698e-209,2.7164491183796526e-16,8.536560233321885e-197,0.015613909129529988,1.3767379616087202e-05,0.9843723234908537,3.954197670020316e-27
294,0.9115990537541212,0.4021589733364056,6,0.9898201221972395,1.9130961135411235e-220,1.0348378814389714e-16,5.962240755205847e-206,0.0101537036717934,2.6174130967077587e-05,0.9898201221972395,1.5575089305612757e-23
295,0.907644327012322,0.6654470648299768,6,0.7625948407497762,4.954274343023449e-173,1.2259803634998355e-21,5.77489022295212e-166,0.23739562979854845,9.529451675129762e-06,0.7625948407497762,5.637583187444008e-40
296,0.9036073411080916,0.2541828460838424,6,0.9800409594984654,2.0816868623981297e-244,3.60376295760401e-17,1.2318534548359152e-225,0.019483228593887406,0.00047581190764674506,0.9800409594984654,5.193016463726184e-16
297,0.8994884619106032,0.5464736617833397,6,0.9733331676864343,8.325565233322565e-191,1.6197911800225108e-23,8.959553357411265e-181,0.026659691097134473,7.141216431266316e-06,0.9733331676864343,2.804822097855801e-33
298,0.8952880627109605,0.4139550454494036,6,0.9898739404975092,1.54793102135239e-212,2.7362031044282157e-23,7.067974115644174e-199,0.010104624116799832,2.1435385690921987e-05,0.9898739404975092,1.2883942854695723e-25
299,0.8910065241883679,0.3246183625843433,6,0.9867324830793938,7.3744812910171915e-227,1.5615784810384318e-23,1.1252850111670973e-210,0.013158105858320657,0.00010941106228553197,0.9867324830793938,9.508304074132502e-21
300,0.8866442343756287,0.4202957499849955,6,0.9896838453718222,2.2205021340347044e-208,3.1247652924507686e-27,3.707222965791331e-195,0.010296480130001501,1.9674498176385467e-05,0.9896838453718222,9.260758793920915e-27
301,0.8822015886239788,0.4930702507960222,6,0.9869433700741447,2.83294890003553e-194,1.313424375369089e-30,3.102390323421629e-183,0.013048614138580007,8.01578727533732e-06,0.9869433700741447,1.0178394643066297e-31
302,0.8776789895672557,0.5622463202852602,6,0.9775005627644885,4.5814905579150956e-181,4.86757111979363e-34,5.027255130450057e-172,0.022494795988623775,4.6412468877991325e-06,0.9775005627644885,1.0349947387225201e-36
303,0.8730768470854081,0.6253397710054703,6,0.9525494330417794,3.8972195586349395e-169,1.6708627351685783e-37,7.386242680802184e-162,0.04744698570625458,3.581251966036944e-06,0.9525494330417794,1.5239861796249201e-41
304,0.8683955782673496,0.6096235270178887,6,0.9651743869278407,2.8099679436319922e-170,7.921923294008397e-40,1.0432882506642723e-162,0.034822241969811145,3.371102348100103e-06,0.9651743869278407,5.056108836722033e-41
305,0.863635607373157,0.4268860296964724,6,0.9881730028643787,3.1503921959183954e-199,4.7456775127948625e-39,7.471698043221067e-187,0.011806964539234311,2.0032596386963185e-05,0.9881730028643787,2.980018899531979e-29
306,0.8587973657956209,0.6027285904358263,6,0.9722056913572771,1.9471913080688087e-168,2.8863685242800864e-45,6.401109877920355e-161,0.027791318615698328,2.9900270245905335e-06,0.9722056913572771,1.0682209510187748e-41
307,0.8538812920211482,0.5517706045427422,6,0.9833753013327772,3.3927613414173893e-175,2.8683027150508894e-47,1.770240943716051e-166,0.016620702088377348,3.996578845489082e-06,0.9833753013327772,1.118454298310627e-38
308,0.8488878315900227,0.476204789588523,6,0.9871147638979814,5.75555026365306e-186,8.994198919325051e-49,2.319010718443458e-175,0.012875163642899203,1.0072459119443255e-05,0.9871147638979814,5.783740588105057e-34
309,0.8438174370560262,0.5196775028750025,6,0.9858072714275408,3.4693117724253727e-177,6.177109897991036e-53,7.058373366340573e-168,0.014187112637397675,5.61593506156757e-06,0.9858072714275408,1.5831241301001387e-37
310,0.838670567945424,0.487851622259449,6,0.9858736755692503,1.1385520782866445e-180,1.3431083725739049e-55,1.1978716992380818e-170,0.014117169845813949,9.154584935783728e-06,0.9858736755692503,8.092422597457298e-36
311,0.8334476907153177,0.555565746781819,6,0.9832148431434321,4.1680056254635884e-168,1.0998496391891387e-60,5.439689938932519e-160,0.016781395739665396,3.7611169024945385e-06,0.9832148431434321,2.8355778243417586e-41
312,0.8281492787113708,0.5021349716573644,6,0.9842485137449507,6.366898522426439e-175,3.7385075977013786e-63,1.500873562669079e-165,0.015743365347982482,8.120907066803477e-06,0.9842485137449507,6.021716611037154e-38
313,0.8227758121249105,0.4861265207905324,6,0.9825723269167415,1.0172773515222124e-175,1.286496512708047e-66,4.617668692339575e-166,0.01741618712236023,1.1485960898383819e-05,0.9825723269167415,2.4212823940539086e-37
314,0.817327777949407,0.6145025106653745,6,0.9758643868272678,6.215833416221668e-154,8.037393983163764e-74,1.1356715184415132e-147,0.024133497251955037,2.1159207771288225e-06,0.9758643868272678,1.1237283211180852e-47
315,0.8118056699363386,0.6342261399492615,6,0.9720604755252263,2.8274666272836057e-149,1.3499140718439778e-78,1.2962119977987893e-143,0.027937737800259026,1.7866745145832271e-06,0.9720604755252263,6.239721318485725e-50
316,0.8062099885504429,0.5766217307734254,6,0.9787067960183439,2.349819247147509e-156,1.2359055638910089e-81,2.051726732769216e-149,0.021289823981836944,3.379999819273684e-06,0.9787067960183439,4.50016854401884e-46
317,0.8005412409243604,0.7086897708262248,6,0.9436146716424024,6.321219963274825e-135,1.2446124647072362e-89,3.064426631953618e-131,0.056384236703854305,1.0916537433264752e-06,0.9436146716424024,1.56629970191183e-57
318,0.7947999408126729,0.5860370832119103,6,0.9754673885911107,1.886829550582041e-151,2.327328445958538e-91,5.330389291830398e-145,0.024529271424250362,3.3399846389525866e-06,0.9754673885911107,3.309955399503084e-48
319,0.7889866085453427,0.5901884298047478,6,0.9734199178711089,4.498955306386724e-149,1.6497257909350063e-96,7.480815112087601e-143,0.026576701266668824,3.3808622221925213e-06,0.9734199178711089,2.9357224336138758e-49
320,0.7831017709805553,0.674732691706978,6,0.9600903610089553,5.740435329164908e-135,4.151333935387679e-104,7.449825612811315e-131,0.03990831380494679,1.3251860978896466e-06,0.9600903610089553,4.25601072808156e-57
321,0.7771459614569709,0.6187263442543706,6,0.9673670143549755,2.3394034529186437e-141,5.042721909596651e-108,4.5170438489607186e-136,0.03263035292458454,2.632720439882934e-06,0.9673670143549755,3.9562888948965535e-53
322,0.7711197197453876,0.6434739924411796,6,0.9624650436734444,4.873406153745552e-136,1.9702808305626623e-114,1.8813176847698752e-131,0.0375329145856912,2.0417408643370144e-06,0.9624650436734444,4.900835178712477e-56
323,0.7650235919998232,0.4423671767593302,6,0.8757311263575654,1.578490369894498e-163,5.991589646884836e-114,3.396129248857137e-154,0.12411411140014189,0.00015476224229253276,0.8757311263575654,6.505579687613571e-40
324,0.758858130708017,0.6525925600095197,6,0.9544782588031044,3.061341976742381e-131,9.308567966856338e-127,4.158980034806957e-127,0.04551960758951485,2.1336073807420067e-06,0.9544782588031044,1.7442402722356584e-58
325,0.7526238946413587,0.5122749861872303,6,0.9100137153807797,2.5627147738964234e-149,1.6187617596505858e-128,4.9816907343663495e-142,0.0899483566119941,3.7928007226313874e-05,0.9100137153807797,4.643745266162429e-47
326,0.7463214488042471,0.5679096325424584,6,0.9282833401488534,1.7906215449933513e-139,6.650974516883829e-137,1.1831581963869128e-133,0.07170397367721643,1.2686173930178332e-05,0.9282833401488534,1.2586999896634764e-52
327,0.7399513643828839,0.565834570600812,6,0.9115758387481768,7.345599974129357e-138,1.3699531684645281e-143,3.965724809857822e-132,0.08840805340681991,1.6107845003306568e-05,0.9115758387481768,3.133149459187831e-53
328,0.7335142186935081,0.5962674541642384,6,0.9106273254201356,9.400957243396277e-132,1.1682984407854412e-151,7.432904257147231e-127,0.08936258842124588,1.0086158618468325e-05,0.9106273254201356,8.818388720976565e-57
329,0.7270105951300737,0.6427179320392332,6,0.9112269364957117,1.3535627677371675e-123,1.4219423798139166e-160,7.323824847667401e-120,0.0887682511942168,4.812310071400459e-06,0.9112269364957117,6.279853582226948e-62
330,0.7204410831113776,0.654596737479208,6,0.8978037137340666,3.5237141660977715e-120,1.495546147380101e-168,7.908071110946295e-117,0.10219170439377996,4.581872153398391e-06,0.8978037137340666,5.8968921426850014e-64
331,0.7138062780276406,0.7534852160993216,6,0.8747538105578696,1.4181487916982886e-105,6.3407845778906584e-180,2.137035391284708e-104,0.12524503018818983,1.1592539405891845e-06,0.8747538105578696,1.577652687621541e-74
332,0.7071067811865476,0.7248978063173233,6,0.8675297723873714,1.7744504636990398e-107,4.814970202325813e-187,7.838027680305026e-106,0.13246829153487494,1.936077753677956e-06,0.8675297723873714,1.0054045735636242e-72
333,0.4706906436284044,0.2852675469717092,4,0.9898815584949147,1.7194013973230077e-102,0.0,3.682682567164781e-96,0.9898815584949147,0.010118441505085195,2.8105204852034206e-16,7.98283816276963e-68
334,-0.4564424515833973,-0.8526991307893161,5,0.9994978194343135,9.517230545197127e-34,0.0,4.3174533051500824e-26,0.0005021805656865761,0.9994978194343135,6.291882655141418e-275,4.531475757247028e-145
335,0.9860160725683288,-0.9871011140705984,5,0.9999979932883472,0.0,4.0225394413781356e-08,0.0,1.96648625658888e-06,0.9999979932883472,6.18088925319173e-32,1.9144885968680726e-15
336,-0.6336686910122258,-0.6986910226787324,5,0.9963836963867404,8.422957320825844e-08,0.0,0.00010457712154194003,0.0035116422621443086,0.9963836963867404,1.7391667499932413e-306,1.7343648990260395e-214
337,-0.571012251221235,-0.1541867362921614,3,0.7876810187469387,0.1575038960693053,0.0,0.7876810187469387,0.028368550995706808,0.026446534188049105,1.2178496986367743e-222,1.722846123356674e-280
338,-0.4221563363683063,0.6046879979639059,4,0.9999272015042889,1.6735554363908018e-07,0.0,1.2376201360357226e-06,0.9999272015042889,7.139352003113756e-05,5.071776123445805e-119,0.0
339,0.9506648602131578,-0.4364290067908827,7,0.9647370241024985,0.0,0.0018847204208570162,0.0,7.212379284412737e-05,0.03330613168294097,8.593893786518693e-13,0.9647370241024985
340,0.976577178707812,0.2513464247775172,6,0.5623158527147992,6.974040246441749e-274,0.4305204013456668,1.7228443240647568e-252,0.006972035486219131,0.00019171044640613926,0.5623158527147992,6.908591385236325e-12
341,0.589787499412995,-0.1776867240893866,5,0.8802917620915496,4.4966008444231325e-207,0.0,1.0815782498961849e-185,0.11970823790845035,0.8802917620915496,9.229548105718889e-24,9.701887861038617e-19
342,0.2581151971192674,-0.5313364160679841,5,0.9970201566355211,6.580696780038938e-157,0.0,1.0216519956329097e-136,0.002979843364479039,0.9970201566355211,1.4130089338422524e-84,1.5769579883027284e-36
343,0.0401251503692268,0.0284942285657172,4,0.8198763784917634,1.781532088087198e-41,0.0,5.728258123657088e-38,0.8198763784917634,0.1801236215082366,7.079857719425439e-78,1.0890607874715602e-126
344,0.9412416913736914,0.5949289807452465,6,0.8126990287147595,7.134078964352592e-196,1.1704815040055656e-09,4.525452791629134e-186,0.18727727631119323,2.3693803565878587e-05,0.8126990287147595,1.3465613931371459e-31
345,0.391245605716495,0.6649847401122884,4,0.9999652000621604,6.96125147214037e-47,0.0,3.198295379825398e-48,0.9999652000621604,3.479993414919773e-05,3.6901674457660005e-12,5.401229088182714e-126
346,0.8894602566520604,0.6930390637544734,6,0.7673249129502564,5.952494598125792e-163,4.202562247043888e-30,5.190565920821583e-157,0.23266914428989982,5.942759843964931e-06,0.7673249129502564,3.4927573557238374e-44
347,-0.3668984010447522,-0.3228843748900412,5,0.8979129994387756,1.7071534122473322e-13,0.0,9.01763427010174e-11,0.10208700047087742,0.8979129994387756,1.2930559596599983e-188,1.2535306970100184e-187
348,-0.3324504154608687,0.5869121294315061,4,0.9731728849915573,0.017521008567979196,0.0,0.009215815404278238,0.9731728849915573,9.029103618515838e-05,1.4999097441939038e-103,0.0
349,0.7094491882368712,-0.5756430897821843,7,0.6946643573248277,0.0,6.532717754796071e-154,6.147048914774344e-295,0.00019047876813062408,0.30514516390704166,2.839178546531063e-33,0.6946643573248277
350,-0.7002901588294113,0.4768502024857666,4,0.9996296490475272,1.3962504029330026e-28,0.0,3.385043155573122e-24,0.9996296490475272,0.00037035095247259193,3.051782050317907e-190,0.0
351,0.8918557225921515,0.8967688525452333,4,0.9959696602491311,1.0241255049998535e-132,2.7977314059427513e-33,1.4888759254018166e-131,0.9959696602491311,8.878099442715126e-07,0.004029451940924601,1.3646912801391136e-60
352,0.014948709326815,-0.9725123306180856,5,0.99995803365728,6.637492140501968e-150,0.0,3.146928916386961e-126,4.196634271986864e-05,0.99995803365728,1.650805805166955e-170,4.0098250942828255e-43
353,0.8528277571673955,-0.1192721376424039,5,0.8342839347426417,5.069430753939629e-297,1.759001554468691e-35,1.3392430419248738e-267,0.16294558930842673,0.8342839347426417,7.759816984999295e-06,0.0027627161319466673
354,-0.3264144225483738,0.2955419768280092,1,0.5301825309784363,0.5301825309784363,0.0,0.17469340196880478,0.29372950772145356,0.0013945593313053819,6.010747038355097e-124,5.162253637652241e-274
355,0.431917808278794,0.403551540975106,4,0.9982250805921273,7.385829881977168e-80,0.0,1.5453382540365457e-76,0.9982250805921273,0.0017749194078715226,1.0089474414742456e-15,9.71938822829784e-87
356,-0.0342497560546206,-0.6478244834615956,5,0.9984821105832403,8.471742016879278e-94,0.0,1.0319891212456704e-79,0.0015178894167597319,0.9984821105832403,1.1184623397138353e-147,1.444341054112072e-73
357,0.253607260490946,0.9443665504771857,4,0.9999995480699648,1.2087630552583585e-11,0.0,3.124998322614964e-16,0.9999995480699648,4.5191794600293783e-07,1.2631021020704794e-15,1.716483650990051e-201
358,0.0087449862783044,0.2305307359419459,4,0.9855749761729924,1.699159314596691e-23,0.0,8.222626756088205e-23,0.9855749761729924,0.01442502382700747,4.914342267510447e-70,4.160815717231465e-161
359,0.9342312347427228,-0.6713187975434645,5,0.9548347883221637,0.0,1.3828286976328716e-06,0.0,0.00010311925357773876,0.9548347883221637,7.387299294699069e-21,0.04506070959556116
360,0.3842107956278344,-0.9589549765749694,5,0.9999833277372099,2.3016099385096463e-277,0.0,1.5300658449289645e-238,1.6628022325643925e-05,0.9999833277372099,3.5965375679894277e-99,4.42404646285801e-08
361,-0.4973620627473691,0.5665283975795519,4,0.9998813255933899,1.02413134652704e-11,0.0,5.364495575509722e-10,0.9998813255933899,0.00011867385991908099,6.773082084236471e-137,0.0
362,0.8193538438101691,-0.8405905211090818,5,0.9207696976762405,0.0,2.7993703926515393e-55,0.0,1.6962113208054016e-05,0.9207696976762405,2.702097389430591e-37,0.07921334021055144
363,-0.4119405236897913,-0.7178981578595269,5,0.9982630611990216,1.0800556770830522e-30,0.0,4.442543920188871e-24,0.0017369388009783133,0.9982630611990216,1.763745329518793e-245,2.531519693369138e-149
364,-0.2567898013982874,0.1496600537113812,4,0.9674788994308855,0.00013453795599485856,0.0,0.00012687274453488303,0.9674788994308855,0.03225968986858492,3.7424289126538897e-121,1.2194948761042461e-225
365,-0.7957526039595733,0.2070110068992394,4,0.9897238396102831,7.804608110049365e-24,0.0,2.5226642203506745e-20,0.9897238396102831,0.010276160389717062,3.3770789300271913e-242,0.0
366,0.7999330395923816,0.3737742371847969,6,0.9155359910646891,7.54596897549895e-186,5.044352221413179e-81,8.88991243193052e-174,0.08415739905985327,0.0003066098754575829,0.9155359910646891,2.7123818371286095e-31
367,-0.427775953544274,-0.2129719746727585,5,0.6924683521098639,3.917055708922812e-05,0.0,0.0009391048308894448,0.30655337250215725,0.6924683521098639,1.1870478162849417e-191,5.3618968997566063e-222
368,-0.4821647641372353,0.5477973379336458,4,0.9998465361721641,8.458809375374423e-10,0.0,2.065915575956013e-08,0.9998465361721641,0.00015344232279936588,3.232740598077766e-135,0.0
369,0.8405251959899078,0.9487171992317772,4,0.9889596409608388,8.32118002151481e-112,7.722080220412758e-65,1.3508957285778684e-112,0.9889596409608388,3.705088246425282e-07,0.011039988530336617,4.048262595819691e-73
370,0.6110537248100667,-0.4578101138402339,5,0.9965865920632674,5.745675432628179e-268,1.2474985943187797e-286,1.0341818217609129e-236,0.003412152444674334,0.9965865920632674,1.3966248638109743e-35,1.2554920583348667e-06
371,-0.7178421569612512,0.4060572330758918,4,0.9990853946722221,2.229878639167898e-26,0.0,2.326336292965895e-22,0.9990853946722221,0.0009146053277780301,2.6694096145980235e-201,0.0
372,0.5386490078073614,0.8569373047903137,4,0.9937764631757139,1.2713475277365134e-55,0.0,2.25426061282686e-58,0.9937764631757139,1.7302406826049267e-06,0.006221806583603602,3.352598410887575e-118
373,0.8260661961075815,0.3725735252340854,6,0.9641075449240126,3.600309587937141e-195,2.5375564655542138e-61,2.4778951766444154e-182,0.03575693966214719,0.00013551541384019207,0.9641075449240126,6.188716544401706e-29
374,-0.8429775635785122,0.362218997288519,4,0.9984975447326964,8.013918825585526e-41,0.0,6.377687033719418e-35,0.9984975447326964,0.0015024552673034988,1.80986392048101e-238,0.0
375,0.6504299898091461,-0.5524548618295868,5,0.9854154868147962,1.043063046011392e-303,1.4978914326169105e-227,2.3659856776451263e-267,0.0009427460136888895,0.9854154868147962,6.315300181335497e-37,0.01364176717151491
376,0.0948401037461119,0.0702604006393858,4,0.8805826982213344,5.825414673748793e-47,0.0,2.738817628914783e-43,0.8805826982213344,0.1194173017786654,5.1302465248571965e-67,4.6605549035223867e-119
377,0.3383948987576013,0.1250456872091603,4,0.9212639262048015,6.444860658596434e-90,0.0,5.368657467554154e-83,0.9212639262048015,0.07873607379519859,6.868583246437199e-34,2.7292162327040665e-75
378,-0.0142913221901261,0.4002591249119056,4,0.9985949779029163,1.3207189885430011e-12,0.0,1.3930732137248355e-13,0.9985949779029163,0.0014050220956237861,1.0613271011928332e-63,2.289164639844965e-192
379,0.3956061698105573,0.9936428997923652,4,0.9999993933555232,1.664363276420882e-23,0.0,1.5423523509556027e-28,0.9999993933555232,1.9727837721120461e-07,4.093660993814115e-07,1.194878297709888e-170
380,-0.9318042766664936,-0.9327123549124758,3,0.9465975239351879,0.024170245449519952,0.0,0.9465975239351879,2.3733887542439036e-05,0.02920849672774962,0.0,7.307194281690878e-279
381,0.5254134464465674,-0.8695346774650263,5,0.9942523901481978,5.4285e-318,0.0,1.1632069985770011e-275,2.990038852415313e-05,0.9942523901481978,2.2168928395442583e-71,0.0057177094632783155
382,-0.9333126042820832,-0.8440998611381625,3,0.9017255234300436,0.049656148210368546,0.0,0.9017255234300436,8.727496764372236e-05,0.04853105339194415,0.0,1.8003487558679262e-293
383,-0.0894003045053131,0.4859582689779136,4,0.9994450058961171,0.00014204388889061808,0.0,3.7260550069078616e-06,0.9994450058961171,0.0004092241599854574,7.406415414494139e-70,1.365475011107052e-228
384,-0.6980700137394102,-0.727292409778485,5,0.9721491506956503,6.0757108167929686e-05,0.0,0.024793868841938977,0.002996223354242664,0.9721491506956503,0.0,1.4489154504240248e-230
385,0.6471485547026143,0.2449037489806904,4,0.978817688446968,1.3240550631301067e-156,5.928871454501943e-250,3.064476505664511e-145,0.978817688446968,0.021180587939128158,1.7236139036606783e-06,1.383647825850757e-38
386,-0.3726781816486628,-0.3506622442130831,5,0.9226721014795941,2.921238046114449e-14,0.0,2.444950823900957e-11,0.07732789849592739,0.9226721014795941,5.588782118351199e-193,1.863014600458267e-185
387,-0.091812910791335,-0.085360087578578,4,0.5586604578527666,1.4309437513230602e-30,0.0,2.744072341796374e-27,0.5586604578527666,0.44133954214723353,1.851777136930535e-108,1.0693453823955051e-144
388,-0.1424985174033768,-0.5686736803651722,5,0.9953667776347582,2.866292182841969e-62,0.0,1.721726379963756e-52,0.0046332223652417424,0.9953667776347582,8.229079660770695e-163,4.130406763686077e-102
389,0.545003931369413,0.7322131226090842,4,0.9986382608077269,5.544683153944819e-69,0.0,9.34595780272859e-70,0.9986382608077269,1.262283391832212e-05,0.0013491163583548786,9.34459742931117e-102
390,-0.037711280408049,0.1723006483260527,4,0.9703414775680119,1.7827162516411334e-21,0.0,1.4669245045134648e-20,0.9703414775680119,0.02965852243198818,8.656785594282693e-81,2.754636330047419e-165
391,0.5779166700206921,0.8891265271645052,4,0.9310642299456908,6.738202390497458e-60,0.0,8.829190350946337e-63,0.9310642299456908,9.617167664839994e-07,0.06893480833754274,5.133537664025091e-114
392,-0.8529834463946495,0.149192499408659,4,0.9805419726210657,2.6988876013608393e-27,0.0,1.9982534863733045e-23,0.9805419726210657,0.019458027378934102,1.0421433852590613e-264,0.0
393,-0.6168120641940098,-0.7521839388061067,5,0.9980044741127083,6.850255989935674e-11,0.0,4.017807745735541e-07,0.0019951240380147507,0.9980044741127083,1.164736308021886e-308,6.60974047151498e-202
394,0.1030684992927213,-0.6582591323230491,5,0.999019842042531,2.5832592660508804e-130,0.0,7.0155097512028465e-112,0.0009801579574690066,0.999019842042531,1.1832418275762853e-121,4.628558915859117e-50
395,0.89417664950539,0.9781479527356944,4,0.9999077468878117,5.025798690009838e-122,2.4459704342597723e-34,1.358163666114864e-122,0.9999077468878117,2.2600995935922832e-07,9.202710222921517e-05,6.3636146700019746e-68
396,-0.8504843065564394,0.4511303946617355,4,0.9995084910133689,3.3677985987635643e-49,0.0,4.9467750731123795e-42,0.9995084910133689,0.000491508986631284,3.2963617602956393e-231,0.0
397,-0.9138315676862714,-0.9014424999418208,3,0.943995036804119,0.02331710614782192,0.0,0.943995036804119,3.342712659119643e-05,0.03265442992146789,0.0,1.6991715569099315e-277
398,-0.6868986501442886,0.4075620100693295,4,0.9990910606252379,9.274124455007214e-23,0.0,2.9724825173587006e-19,0.9990910606252379,0.0009089393747622443,1.7663710671694368e-193,0.0
399,0.282306257720313,-0.1756539063807767,5,0.8122042547473826,4.433724916114095e-113,0.0,4.847848013325578e-101,0.18779574525261727,0.8122042547473826,2.573092199646521e-56,7.279334542052564e-58
400,-0.2020141666595056,-0.3855832263536189,5,0.9602187723487141,1.3851137791385157e-36,0.0,6.429482743904698e-31,0.039781227651285785,0.9602187723487141,2.1596727671088407e-157,1.4742178651493853e-135
401,0.6511047588353724,-0.6918784125389315,5,0.5470048712334183,0.0,3.765433982179199e-225,6.430303297086253e-293,9.451025559753725e-05,0.5470048712334183,4.987913232445574e-45,0.4529006185109841
402,-0.8561336970372684,0.6798079091131313,4,0.9999746398389315,2.032936471341546e-71,0.0,1.0215322734100902e-60,0.9999746398389315,2.5360161068338545e-05,5.193116445398062e-210,0.0
403,-0.6071718263705979,-0.8723172420217986,5,0.9993885720033371,6.160415700300863e-17,0.0,8.546706380648025e-12,0.0006114279881161683,0.9993885720033371,2.4e-322,3.6556091804416225e-183
404,-0.3999471890702086,-0.4203290752407194,5,0.9611672878045987,4.708971644875308e-15,0.0,9.206569642621287e-12,0.0388327121861899,0.9611672878045987,2.407770323860968e-207,9.410146754155871e-184
405,0.2534601733775705,-0.3872342123485912,5,0.9831654941738803,2.9353742865843834e-134,0.0,5.679606318053616e-118,0.0168345058261195,0.9831654941738803,1.5383718905575062e-74,1.9215770492354174e-46
406,0.3703453806030945,-0.6781894320729993,5,0.9995902060184605,1.30668452299076e-218,0.0,6.044547106262641e-190,0.00040979398153943516,0.9995902060184605,7.110142818051346e-79,3.906012684558203e-17
407,-0.7515934120724523,0.0163697665737405,4,0.9058870935566729,3.368609566135254e-10,0.0,1.7948763577089772e-08,0.9058870935566729,0.09411288815770241,4.075918691272914e-251,0.0
408,0.887609417983479,-0.9765947463782148,5,0.9999969597769457,0.0,3.222966050154565e-22,0.0,3.0148529933086365e-06,0.9999969597769457,6.697771849188805e-39,2.5370061471689e-08
409,-0.3179117296195817,-0.3980489691791817,5,0.9573830732586213,2.4223457309878054e-22,0.0,2.9384678939784098e-18,0.04261692674137877,0.9573830732586213,5.825102752443364e-185,6.632099157102263e-164
410,0.4263375260005662,0.867258888066128,4,0.9999979988509587,2.87576762247536e-36,0.0,6.613922378171626e-40,0.9999979988509587,1.4885439780576703e-06,5.126050633889018e-07,7.545271129570486e-145
411,0.0484154378953975,-0.3789408613159886,5,0.9727134108787654,8.529017006035134e-82,0.0,3.397461874604322e-71,0.027286589121234536,0.9727134108787654,3.1136559365897917e-107,1.4590467847135948e-81
412,-0.5544837729057868,-0.2790812257864967,3,0.6512028841787205,0.04976284524558341,0.0,0.6512028841787205,0.0605487538517407,0.23848551672395538,1.1440117757088644e-231,3.398371683434002e-253
413,0.6924566462308221,-0.0536699035318568,5,0.615391297586394,2.360072324672564e-221,8.441810799578286e-181,3.4746222001269534e-200,0.38460870240381917,0.615391297586394,9.785714654930375e-12,1.4186041320707544e-15
414,0.6364760563838598,0.1233867497029495,4,0.8902244756134295,4.1583640109717493e-172,9.940810527631658e-262,7.656714618572513e-158,0.8902244756134295,0.10977552369516744,6.914031030342134e-10,3.0667823599604166e-31
415,-0.2078562921666198,0.617417289641488,1,0.7437737807667396,0.7437737807667396,0.0,0.03211437049345715,0.22409796678742452,1.3881952378678831e-05,3.5909277325779407e-81,6.77864053849453e-292
416,0.1772151713877108,-0.6193575536879647,5,0.9987179116367448,6.39087874814279e-146,0.0,4.51137566264497e-126,0.0012820883632550988,0.9987179116367448,6.179408606482055e-105,6.125853717680961e-42
417,-0.4843486081281205,0.7434927543851144,4,0.9999896759586376,1.6434817650705149e-18,0.0,1.0677802290718544e-15,0.9999896759586376,1.0324041361184376e-05,3.607599447582791e-121,0.0
418,0.3797032574926029,0.5150987142877788,4,0.9996677741841545,4.016883192734225e-58,0.0,2.066581122484729e-57,0.9996677741841545,0.00033222581584550195,1.6483407587710726e-16,7.068713243111108e-110
419,-0.3819463747591372,0.4453006693231105,4,0.8905796440032073,0.06239586453627585,0.0,0.04646222223482918,0.8905796440032073,0.0005622692256876296,5.796969614819453e-123,1.927e-321
420,0.6881574687644698,-0.8263908525707295,7,0.8318917530369562,0.0,4.738313893097179e-177,0.0,5.2913406528118744e-06,0.16810295562239103,8.563949690243353e-50,0.8318917530369562
421,-0.5652297914454514,-0.9567186200508306,5,0.999752866324519,3.7917002784020855e-26,0.0,3.269870806530726e-19,0.0002471336754811499,0.999752866324519,2.93e-321,3.2598688177978014e-161
422,-0.9703931543630716,0.188025401816168,4,0.9886638785132985,2.213780379488875e-47,0.0,4.714177762727176e-41,0.9886638785132985,0.011336121486701435,8.844207575749718e-295,0.0
423,-0.4629839160641631,0.7262679250463224,4,0.9999868704008656,1.5571029443308376e-15,0.0,2.998395321839026e-13,0.9999868704008656,1.3129598832819302e-05,2.9455516670956547e-118,0.0
424,-0.6178950270810266,0.1688829282812718,4,0.981321635246081,2.480822501049719e-06,0.0,3.619029218344546e-05,0.981321635246081,0.01863969363923442,1.4112324073612789e-199,0.0
425,0.0165728794498485,-0.5735302691089383,5,0.9968951872585824,5.150556554588487e-97,0.0,3.771259042288243e-83,0.0031048127414174498,0.9968951872585824,2.2797382470066745e-130,1.4439750587346002e-70
426,-0.5925934166868474,-0.8189602041015736,5,0.9990172889218469,8.136127439891166e-16,0.0,4.990503446692196e-11,0.000982711028247223,0.9990172889218469,1.84534032072473e-310,6.705632865902369e-186
427,0.5263797414389895,0.3991929056354699,4,0.9979803130405466,3.0890425673872143e-102,0.0,3.6351869382984853e-97,0.9979803130405466,0.0020196857831554804,1.1762978875003012e-09,1.7715344065635459e-69
428,-0.5172587239919921,0.443540554635619,4,0.9993890429515493,1.1802414698394812e-08,0.0,2.297456732274582e-07,0.9993890429515493,0.0006107155003628938,5.129022858820235e-151,0.0
429,0.4139363598253114,-0.6549365986257827,5,0.9995162680067039,2.9414723165015193e-230,0.0,1.432700989605318e-200,0.0004837319932682766,0.9995162680067039,5.717702878649086e-71,2.791325682907854e-14
430,0.1569418460274481,-0.9436193690069274,5,0.9999622040949555,2.407485581009193e-190,0.0,5.16137234492885e-162,3.779590504458755e-05,0.9999622040949555,3.436665666971981e-138,3.1469844651902518e-27
431,0.9724997129437688,-0.183432973553606,2,0.8989641283498667,0.0,0.8989641283498667,0.0,0.00025467034958448514,0.003915999203162619,4.455673327374854e-06,0.09686074642405879
432,0.9998019540184632,0.1654374042660442,2,0.9251524221807926,1.073794086098558e-301,0.9251524221807926,1.6885729911063778e-276,0.0012818112515343716,0.00013187682178038507,0.07343386832031246,2.1425580213607807e-08
433,0.7390521666346599,0.4120048191343823,6,0.5338110924270772,1.3065444967766495e-159,3.61157311252278e-139,3.7581739794937344e-150,0.46528380476127884,0.0009051028116438163,0.5338110924270772,3.5819238910768813e-40
434,0.5199667385975022,0.6198900183058056,4,0.9999217481026592,1.6484617909020238e-75,0.0,1.0307343430077832e-74,0.9999217481026592,7.20998550225019e-05,6.152042318255602e-06,9.368833148860942e-94
435,-0.2270871719988525,0.2210748546134646,4,0.9862512961695294,0.0002475073880174293,0.0,0.00011321214449189908,0.9862512961695294,0.013387984297961321,4.5674020268602867e-110,6.039693834270434e-228
436,0.5065534542626071,-0.7782387828030299,5,0.9998571226374426,1.0802049430385785e-290,0.0,1.1055034198426408e-252,9.04416332031336e-05,0.9998571226374426,2.5711756277323865e-67,5.24357293540767e-05
437,0.9133510741589814,0.3651633442848296,6,0.9902219417399518,8.792417008060114e-228,1.5271762202069068e-15,3.985978162916608e-212,0.009733636210764979,4.442204928168175e-05,0.9902219417399518,2.464806699651891e-21
438,-0.9532448492091116,0.968353285789764,4,0.999999479089493,6.016555622485604e-129,0.0,2.265567365177071e-109,0.999999479089493,5.209105070652654e-07,6.869042079140824e-208,0.0
439,0.0758294003954775,0.8111691691948077,4,0.9997534254006794,0.00024280796311298365,0.0,1.020985622146944e-07,0.9997534254006794,3.6645376454284427e-06,2.3122931275515045e-34,3.687179911754491e-232
440,-0.5640033912231308,0.7433378185390254,4,0.9999895723535943,8.61893807798515e-28,0.0,2.1286859246601514e-23,0.9999895723535943,1.042764640549936e-05,3.9553481178838276e-137,0.0
441,0.1157526317377009,-0.3956596932833183,5,0.9802021707367629,2.670183650153847e-99,0.0,1.1320021444213798e-86,0.019797829263236963,0.9802021707367629,6.350491971792305e-97,8.524866621011596e-68
442,-0.0671058204822176,0.5015763529080013,4,0.9996426551812297,2.5124769329675945e-05,0.0,5.322364307879143e-07,0.9996426551812297,0.00033168781300978666,9.752195006690601e-66,2.896708794629676e-224
443,0.1515371631045687,0.7022068919302911,4,0.9999810162860527,1.0482037911209936e-13,0.0,1.3834827602358712e-16,0.9999810162860527,1.8983713842087984e-05,1.844888519304693e-30,5.6239508725378905e-192
444,0.1019244428374483,0.3566524092625263,4,0.997225810452477,3.327399675051061e-27,0.0,3.842104631000432e-27,0.997225810452477,0.002774189547522928,2.2717951160593586e-50,1.988326265307187e-154
445,0.920214078337124,-0.4988764868640389,7,0.9639719395340848,0.0,1.253199628127695e-09,0.0,3.669517586553194e-05,0.0359913640368498,2.6024795321815467e-16,0.9639719395340848
446,0.1043722178694721,0.9076679437499168,4,0.996651530552354,0.003347177996100031,0.0,4.6188484824314103e-07,0.996651530552354,8.295666977677118e-07,1.7075606826499513e-28,6.340859332371585e-240
447,0.6924641762497346,-0.0983611770826482,5,0.7477832756849767,1.3554565982253716e-229,6.757309400873025e-180,4.9259419458306425e-207,0.25221672431456116,0.7477832756849767,3.163754030737847e-13,1.4575307035469357e-13
448,-0.360359426398307,-0.7403888826682412,5,0.99877921967163,1.198296130650962e-39,0.0,1.0478229681133848e-31,0.0012207803283702783,0.99877921967163,1.7444306964252904e-234,7.669968940195906e-134
449,-0.1237986224179021,-0.780444209885216,5,0.9995498856846977,2.1773874625933133e-88,0.0,6.052628438758396e-74,0.00045011431530219423,0.9995498856846977,6.743248097305432e-181,4.9569752049381723e-79
450,-0.0591730479103802,0.2950379745980915,4,0.99424228941856,2.8787204094843866e-13,0.0,1.337240642141759e-13,0.99424228941856,0.0057577105810183915,1.854010187473045e-76,3.587472093674691e-189
451,-0.4425439133292406,-0.1245807071665217,4,0.4834709044905058,0.017522862525181974,0.0,0.11825873279197249,0.4834709044905058,0.38074750019233955,3.865438858903364e-186,1.0648617746466373e-240
452,-0.2404194770440895,-0.8110322496420728,5,0.9995603627312457,8.853848393791495e-67,0.0,7.356947014740168e-55,0.00043963726875432846,0.9995603627312457,3.554194138622741e-212,1.911259048693329e-99
453,0.1970261589335504,0.4807291443121892,4,0.9994969121342736,1.5575243585396962e-31,0.0,3.839335973705205e-32,0.9994969121342736,0.0005030878657263524,6.3959739775758825e-34,1.6820740514872104e-147
454,0.1603755266090647,0.5986503345172394,4,0.9999113593030541,8.32748567934296e-20,0.0,7.996277567893618e-22,0.9999113593030541,8.864069694599158e-05,3.0908641185936195e-33,8.624007641817804e-174
455,0.272870689146961,0.4508312615729026,4,0.9991923570525512,4.013562066036556e-45,0.0,1.1271045532945133e-44,0.9991923570525512,0.0008076429474486091,1.678117212792457e-27,1.8321250912343406e-125
456,-0.2963641691597178,-0.5954782446319742,5,0.9951759774687025,2.3161927398132372e-38,0.0,2.4427708256361704e-31,0.004824022531297491,0.9951759774687025,2.368648071811338e-201,1.7490396255205676e-134
457,-0.3683370096938858,0.3795509119921387,4,0.4527065828892901,0.3677310213810436,0.0,0.17887062246998983,0.4527065828892901,0.0006917732596762802,1.446444253211739e-125,4.056359225296921e-304
458,0.2232357655083261,-0.9785543942112298,5,0.9999784373665339,1.9268625321769295e-219,0.0,3.0799409998226247e-187,2.156263346604455e-05,0.9999784373665339,6.884899344077478e-129,2.6327035489842663e-19
459,-0.7342765031449501,-0.3897757206431815,3,0.8261520180482448,0.08511758768838004,0.0,0.8261520180482448,0.008253932767473045,0.0804764614959022,1.03137155736721e-296,6.598074352703495e-298
460,-0.49393691293572,-0.2023569371849125,5,0.4219392875455075,0.0308614052307539,0.0,0.3141584459724503,0.23304086125128798,0.4219392875455075,4.664866422351805e-207,4.001789097411198e-245
461,-0.9157445260940096,0.6704938977710031,4,0.999971210642476,3.4308028158705166e-83,0.0,6.2037089324741604e-71,0.999971210642476,2.8789357523914965e-05,1.946446513788993e-226,0.0
462,-0.8547782948078397,-0.2192112538611914,5,0.5642190102249505,3.990509641211495e-09,0.0,1.3196473135186313e-07,0.43578085381980836,0.5642190102249505,4.15482942368273e-310,0.0
463,-0.5132334414787822,-0.9774611076212034,5,0.9998234568620536,2.2379774862426453e-34,0.0,4.4940434186682004e-26,0.00017654313794614388,0.9998234568620536,2.4818521720148223e-308,2.381676167471286e-145
464,-0.960941439406162,-0.2953071763439812,5,0.713550984617353,8.217370629828723e-15,0.0,6.889385249122889e-13,0.28644901538195006,0.713550984617353,0.0,0.0
465,-0.509178815825077,-0.0021518032814256,3,0.6527501538860837,0.2582469037390458,0.0,0.6527501538860837,0.07614593191208381,0.012857010462786728,6.908784576458679e-191,3.6741608880136265e-285
466,0.309952646124052,0.8980095733455469,4,0.9999990712493433,2.1387807937421735e-19,0.0,1.1251252932049226e-23,0.9999990712493433,9.28749847108924e-07,8.096580204963431e-13,1.0572201798541574e-178
467,-0.8777858430621339,0.8820686075790896,4,0.9999983445263253,2.0120430684799404e-98,0.0,2.225836813624585e-83,0.9999983445263253,1.6554736750614814e-06,8.574448634041778e-197,0.0
468,-0.126526644410718,-0.6382519235571769,5,0.9979162724512813,2.2066220218949354e-72,0.0,6.403740817165135e-61,0.0020837275487186357,0.9979162724512813,1.8924164968560634e-166,4.133350310758646e-92
469,0.8262175738390989,-0.6297069165210969,7,0.9681190979216836,0.0,8.47119990721e-52,0.0,7.626785095696931e-06,0.03187327529322066,1.4435612524399082e-27,0.9681190979216836
470,0.582569657850802,-0.673237087070899,5,0.9974144123840861,1.4253496377944417e-300,0.0,6.998761096020712e-263,0.000256354062477361,0.9974144123840861,4.790453904265394e-51,0.002329233553436674
471,-0.3891249954102855,0.5778438648282065,4,0.9996293546553174,8.532888152348235e-05,0.0,0.00018139823515041033,0.9996293546553174,0.00010391822800869231,1.2604128141216398e-114,0.0
472,0.849610958383294,-0.9879559192631872,5,0.9999959273712549,0.0,1.1029127274336045e-38,0.0,2.967772420176055e-06,0.9999959273712549,7.6087944156356e-43,1.1048563252790587e-06
473,-0.3407070065045503,-0.7456456036162453,5,0.9988966972299695,4.179829859117521e-43,0.0,1.1302003722454898e-34,0.0011033027700302447,0.9988966972299695,5.64460598317406e-230,1.5753260811945225e-128
474,-0.854969007324875,0.0759192632881979,4,0.9552602826838473,4.494928244894789e-23,0.0,8.468368822159643e-20,0.9552602826838473,0.04473971731615271,9.289707085496751e-274,0.0
475,0.9881119135362272,-0.504875866226469,5,0.39283839236168167,0.0,0.30293860324394806,0.0,0.00031687926457670874,0.39283839236168167,2.046513160419026e-12,0.303906125127747
476,0.7400450543783434,-0.8152870835214758,7,0.8210526683713133,0.0,1.508006699635192e-120,0.0,5.563750138804676e-06,0.17894176787854782,7.620738500496609e-44,0.8210526683713133
477,-0.0681344333978153,-0.2802439753323313,5,0.89886061385667,2.8330010750248065e-49,0.0,7.188290301174476e-43,0.10113938614333014,0.89886061385667,2.8020568286801756e-120,7.052211438679881e-116
478,0.3327530483848078,-0.4515847898795104,5,0.9933920765290458,1.3441586927214599e-167,0.0,4.357604383428829e-147,0.006607923470954219,0.9933920765290458,8.728433927043106e-68,7.480784579116362e-32
479,0.3424561557133403,0.022208613028569,4,0.741577225543614,4.2075840194452406e-103,0.0,5.663599751056078e-94,0.741577225543614,0.2584227744563858,3.4878255542423305e-38,7.319040434088311e-65
480,-0.6110355385390793,0.9584671876603916,4,0.9999994985331223,1.1863534645584485e-50,0.0,1.956022454199742e-42,0.9999994985331223,5.01466877799873e-07,5.064440111894441e-131,0.0
481,-0.5999027336927354,-0.7513907263701631,5,0.998067865202654,3.266464651885809e-12,0.0,3.181567953734955e-08,0.0019321029784002532,0.998067865202654,1.9243760338738686e-303,5.415253301942452e-197
482,-0.0608385932963484,-0.2545465903318114,5,0.8684946218618077,2.743428197046305e-48,0.0,3.7016327182966063e-42,0.1315053781381923,0.8684946218618077,1.111299381261012e-116,4.6196722575687754e-117
483,0.8231462802753959,0.8639700357449493,4,0.7065306893699602,1.2794969442404087e-118,4.760558905789322e-75,6.282386677613433e-118,0.7065306893699602,1.0887208510963506e-06,0.2934682219091888,1.4307348549862996e-67
484,-0.9800124502828584,0.7537460869876451,4,0.9999903191519265,3.485485103376116e-108,0.0,2.6111935338528117e-92,0.9999903191519265,9.680848073685031e-06,2.353240027314374e-235,0.0
485,0.5650112718987186,-0.2114579304314388,5,0.9169744049722011,2.1870754231576167e-204,0.0,7.495098789576002e-183,0.08302559502779895,0.9169744049722011,2.037834827208204e-27,1.955218644469708e-19
486,-0.8849464325706917,0.397906529039473,4,0.9990530636199205,1.352538502972567e-50,0.0,2.3035182949376053e-43,0.9990530636199205,0.0009469363800797379,3.374107850626352e-246,0.0
487,-0.0435557702337643,-0.8242859728373089,5,0.9997693122062983,3.281350004929264e-113,0.0,2.3190940462634415e-95,0.0002306877937018957,0.9997693122062983,1.3050184338355948e-167,1.686693204634506e-61
488,0.2757456661469528,0.4250821110872302,4,0.9988255974987063,9.94754725421512e-48,0.0,6.856595524755887e-47,0.9988255974987063,0.0011744025012938794,3.7400534294432147e-28,1.4448343913223388e-121
489,0.3735185341649296,0.945715458969483,4,0.9999995576091069,7.86319076898996e-24,0.0,1.8708070772964318e-28,0.9999995576091069,4.29376042347153e-07,1.3014850578775396e-08,3.365735009732097e-169
490,-0.8830414727681772,0.0749763056683832,4,0.9559075438921512,2.1403771327536713e-26,0.0,9.749014017558391e-23,0.9559075438921512,0.04409245610784891,4.06092034134774e-282,0.0
491,-0.1627927652320635,-0.0030195459311714,4,0.7956242705579073,2.1783917435165448e-17,0.0,9.051017907361959e-16,0.7956242705579073,0.20437572944209187,3.853023698602629e-115,1.2911491783422537e-174
492,0.1676745210046493,-0.6253627605961793,5,0.9987763847705108,5.213011001170095e-144,0.0,2.556265684672132e-124,0.0012236152294892919,0.9987763847705108,4.2095220669928485e-107,6.99296662709128e-43
493,-0.8679089253879861,0.2675763978145837,4,0.9952740334860861,1.7949978097038415e-37,0.0,3.6230481107302754e-32,0.9952740334860861,0.0047259665139137656,1.2323147115408956e-255,0.0
494,-0.7298108868093804,0.1808745615578297,4,0.9852384566186788,1.977123876428009e-15,0.0,5.117640632901619e-13,0.9852384566186788,0.014761543380807455,3.5321777038646926e-227,0.0
495,0.327297979008077,0.303866118951501,4,0.9931133227037263,2.282646437669836e-68,0.0,5.993185203158194e-65,0.9931133227037263,0.006886677296273455,9.96520809074813e-28,3.2136519435687835e-96
496,0.0432763931813033,-0.9478334266305564,5,0.9999500542895708,9.627389762120877e-155,0.0,1.0640426745664173e-130,4.99457104292685e-05,0.9999500542895708,8.583508065344066e-162,1.0693114502363204e-40
497,-0.6763426774634189,0.0974469766981471,4,0.9588308064227916,9.609472045799145e-08,0.0,2.4490284356124024e-06,0.9588308064227916,0.041166648454052365,7.37641302026047e-222,0.0
498,0.0704786738294669,0.189869686994746,4,0.973906480175176,4.351208868828483e-34,0.0,2.3455386295488125e-32,0.973906480175176,0.0260935198248238,1.852816304101689e-63,7.478541251220165e-140
499,0.8253847468888316,-0.5849397291743956,7,0.9804521003196279,0.0,1.6455110677677807e-52,0.0,8.233150812177144e-06,0.0195396665295599,8.701673884135359e-26,0.9804521003196279
500,-0.968824830449272,-0.583334285022928,5,0.9778538757750729,2.790214379255435e-05,0.0,0.0002617788273660033,0.021856443253768464,0.9778538757750729,0.0,0.0
