vector_index,x,y_original,cluster_id,max_posterior,posterior_component_1,posterior_component_2,posterior_component_3
1,0.0,0.0345138758562954,2,0.9999999867196936,1.3280306484355276e-08,0.9999999867196936,0.0
2,0.002008032128514,0.0064529535396771,2,0.999999996951745,3.048254921559149e-09,0.999999996951745,0.0
3,0.0040160642570281,0.023100477982478,2,0.9999999920122322,7.987767735529727e-09,0.9999999920122322,0.0
4,0.0060240963855421,0.0140447190730796,2,0.9999999958083197,4.191680376065892e-09,0.9999999958083197,0.0
5,0.0080321285140562,0.0027175894037828,2,0.9999999985170405,1.4829595573789431e-09,0.9999999985170405,0.0
6,0.0100401606425702,-0.0247579974050377,2,0.9999999999383155,6.168460636036078e-11,0.9999999999383155,0.0
7,0.0120481927710843,0.0282054992828947,2,0.9999999918601592,8.139840815190207e-09,0.9999999918601592,0.0
8,0.0140562248995983,0.0126003177071489,2,0.9999999979239449,2.0760550240114232e-09,0.9999999979239449,0.0
9,0.0160642570281124,0.0161218059329188,2,0.9999999976336351,2.3663649891443786e-09,0.9999999976336351,0.0
10,0.0180722891566265,0.0261648331936707,2,0.9999999952513545,4.748645407566542e-09,0.9999999952513545,0.0
11,0.0200803212851405,0.075057870702751,2,0.9999999299519317,7.004806832625426e-08,0.9999999299519317,0.0
12,0.0220883534136546,0.0922734576723886,2,0.9999998907349907,1.0926500927289907e-07,0.9999998907349907,0.0
13,0.0240963855421686,0.0525369298349053,2,0.9999999771014327,2.2898567130520997e-08,0.9999999771014327,0.0
14,0.0261044176706827,0.0429134908631309,2,0.9999999900129444,9.987055385112626e-09,0.9999999900129444,0.0
15,0.0281124497991967,0.0326803712493693,2,0.9999999966890125,3.3109875657195584e-09,0.9999999966890125,0.0
16,0.0301204819277108,0.069611767086343,2,0.9999999485131998,5.148680003120591e-08,0.9999999485131998,0.0
17,0.0321285140562249,0.0999151401137526,2,0.9999998131914585,1.8680854148548603e-07,0.9999998131914585,0.0
18,0.0341365461847389,0.0633262846289747,2,0.9999999724540535,2.7545946266555988e-08,0.9999999724540535,0.0
19,0.036144578313253,0.0247092358114415,2,0.9999999995448718,4.551281711150377e-10,0.9999999995448718,0.0
20,0.038152610441767,0.0897062143198446,2,0.9999998762826513,1.2371734883391284e-07,0.9999998762826513,0.0
21,0.0401606425702811,0.1000292793695632,2,0.9999998021913121,1.9780868774756417e-07,0.9999998021913121,0.0
22,0.0421686746987951,0.0526204365898734,2,0.99999999520177,4.798230073778043e-09,0.99999999520177,0.0
23,0.0441767068273092,0.0918830973278775,2,0.9999998871211365,1.1287886335991284e-07,0.9999998871211365,0.0
24,0.0461847389558232,0.1013939982343685,2,0.999999815174174,1.8482582606076283e-07,0.999999815174174,0.0
25,0.0481927710843373,0.0949233961284959,2,0.9999998881398047,1.1186019516934865e-07,0.9999998881398047,0.0
26,0.0502008032128514,0.0845861880439957,2,0.9999999568378044,4.3162195348637867e-08,0.9999999568378044,0.0
27,0.0522088353413654,0.124736415154002,2,0.9999994782540151,5.217459850809956e-07,0.9999994782540151,0.0
28,0.0542168674698795,0.1003661400203853,2,0.9999998878033277,1.1219667253900278e-07,0.9999998878033277,0.0
29,0.0562248995983935,0.0827460759427884,2,0.9999999807973989,1.9202601084280144e-08,0.9999999807973989,0.0
30,0.0582329317269076,0.0754763737404216,2,0.9999999933266235,6.6733765145530225e-09,0.9999999933266235,0.0
31,0.0602409638554216,0.1456989181108295,2,0.9999988301926365,1.169807363460605e-06,0.9999988301926365,0.0
32,0.0622489959839357,0.1368312714972938,2,0.9999992245699354,7.754300646944677e-07,0.9999992245699354,0.0
33,0.0642570281124498,0.1302735271674829,2,0.9999995068058957,4.931941044979165e-07,0.9999995068058957,0.0
34,0.0662650602409638,0.1237246277449116,2,0.9999997238799904,2.7612000949480175e-07,0.9999997238799904,0.0
35,0.0682730923694779,0.1259662164548932,2,0.9999997179561497,2.8204385035175065e-07,0.9999997179561497,0.0
36,0.0702811244979919,0.1190475160271517,2,0.9999998682815743,1.3171842556268774e-07,0.9999998682815743,0.0
37,0.072289156626506,0.1359492003618143,2,0.9999995522851978,4.477148020782241e-07,0.9999995522851978,0.0
38,0.07429718875502,0.1061926332076366,2,0.99999997868435,2.1315649970472284e-08,0.99999997868435,0.0
39,0.0763052208835341,0.1378891686976979,2,0.9999996206441635,3.793558366126245e-07,0.9999996206441635,0.0
40,0.0783132530120481,0.1504077556970744,2,0.9999991511132268,8.488867733193769e-07,0.9999991511132268,0.0
41,0.0803212851405622,0.1728401712249328,2,0.999997000683509,2.99931649107199e-06,0.999997000683509,0.0
42,0.0823293172690763,0.1638601052706853,2,0.9999983375037557,1.6624962443650944e-06,0.9999983375037557,0.0
43,0.0843373493975903,0.1845731610726919,2,0.9999952116837799,4.788316220016117e-06,0.9999952116837799,0.0
44,0.0863453815261044,0.1996734651544774,2,0.9999915923606926,8.40763930732442e-06,0.9999915923606926,0.0
45,0.0883534136546184,0.1978702291857189,2,0.9999920581789227,7.941821077463131e-06,0.9999920581789227,0.0
46,0.0903614457831325,0.1901330885138361,2,0.9999945654088057,5.434591194152652e-06,0.9999945654088057,0.0
47,0.0923694779116465,0.1849762094069088,2,0.9999962616242675,3.7383757326426953e-06,0.9999962616242675,0.0
48,0.0943775100401606,0.1691392599120501,2,0.9999989958302208,1.00416977927768e-06,0.9999989958302208,0.0
49,0.0963855421686746,0.2075699653649357,2,0.9999891610332848,1.08389667153459e-05,0.9999891610332848,0.0
50,0.0983935742971887,0.230382096238808,2,0.9999767888871685,2.321111283158244e-05,0.9999767888871685,0.0
51,0.1004016064257028,0.2076453336444139,2,0.9999902191925454,9.78080745480546e-06,0.9999902191925454,0.0
52,0.1024096385542168,0.2431644600769562,2,0.9999666806038529,3.331939614716064e-05,0.9999666806038529,2.91273225e-316
53,0.1044176706827309,0.1783239072042401,2,0.9999992094140894,7.905859105190532e-07,0.9999992094140894,0.0
54,0.1064257028112449,0.1897681379268991,2,0.9999981735298547,1.8264701452354131e-06,0.9999981735298547,0.0
55,0.108433734939759,0.2339715000344833,2,0.9999722676358721,2.773236412794995e-05,0.9999722676358721,0.0
56,0.110441767068273,0.2261693383396111,2,0.9999817229468274,1.8277053172574343e-05,0.9999817229468274,0.0
57,0.1124497991967871,0.2511752419250104,2,0.9999500076036367,4.9992396363458383e-05,0.9999500076036367,5.44630069816517e-310
58,0.1144578313253012,0.2286062298360676,2,0.9999824113974191,1.7588602580907574e-05,0.9999824113974191,0.0
59,0.1164658634538152,0.2155722184570638,2,0.999993864980207,6.13501979314606e-06,0.999993864980207,0.0
60,0.1184738955823293,0.2326759263205577,2,0.999981805315444,1.8194684556156592e-05,0.999981805315444,0.0
61,0.1204819277108433,0.210310176003212,2,0.9999974477325188,2.5522674811215477e-06,0.9999974477325188,0.0
62,0.1224899598393574,0.2224081062167741,2,0.9999938733403351,6.126659665009058e-06,0.9999938733403351,0.0
63,0.1244979919678714,0.2684448638941031,2,0.9999105170913689,8.948290863093222e-05,0.9999105170913689,4.536841226156521e-296
64,0.1265060240963855,0.2704677964821632,2,0.999905023943312,9.497605668817814e-05,0.999905023943312,1.768841747752072e-294
65,0.1285140562248996,0.2642881981459207,2,0.9999303914009415,6.960859905851925e-05,0.9999303914009415,1.3617976352391066e-299
66,0.1305220883534136,0.2266226262876179,2,0.9999963523414703,3.647658529508439e-06,0.9999963523414703,0.0
67,0.1325301204819277,0.2578921694535976,2,0.9999603743919151,3.962560808483071e-05,0.9999603743919151,8.01251870468599e-305
68,0.1345381526104417,0.2445763074476825,2,0.9999878715703358,1.2128429663974184e-05,0.9999878715703358,1.369549086e-315
69,0.1365461847389558,0.2966230345536669,2,0.9997770674552189,0.0002229325447810507,0.9997770674552189,1.0020480890028433e-273
70,0.1385542168674698,0.2654339910636877,2,0.9999562387099452,4.376129005466579e-05,0.9999562387099452,1.1550381960828393e-298
71,0.1405622489959839,0.2594095437763369,2,0.9999767532229074,2.3246777092529824e-05,0.9999767532229074,1.9905382669329865e-303
72,0.142570281124498,0.2857364855514244,2,0.9998758683937331,0.00012413160626706404,0.9998758683937331,1.6560447891472294e-282
73,0.144578313253012,0.2763535373693318,2,0.999939510021969,6.048997803086452e-05,0.999939510021969,6.889848492484988e-290
74,0.1465863453815261,0.3228475689671263,2,0.9995134365484696,0.00048656345153049824,0.9995134365484696,1.2384756559403976e-253
75,0.1485943775100401,0.2824925370693965,2,0.999931110021751,6.888997824902502e-05,0.999931110021751,5.3518014703402175e-285
76,0.1506024096385542,0.2732202540926158,2,0.9999731118966471,2.6888103353110657e-05,0.9999731118966471,3.8002783254608683e-292
77,0.1526104417670682,0.2621626132189862,2,0.9999929066157526,7.093384247433407e-06,0.9999929066157526,1.2758425993380895e-300
78,0.1546184738955823,0.3086212177428963,2,0.9997476411495759,0.0002523588504241487,0.9997476411495759,8.520488770029115e-265
79,0.1566265060240963,0.3020144097710342,2,0.9998512993295383,0.000148700670461493,0.9998512993295383,8.156933814105615e-270
80,0.1586345381526104,0.2886909841749863,2,0.999956340473788,4.3659526211803884e-05,0.999956340473788,6.969925839537223e-280
81,0.1606425702811245,0.3450696697873647,2,0.9990076431991458,0.000992356800854308,0.9990076431991458,1.7864769799252008e-237
82,0.1626506024096385,0.3386461077678619,2,0.9991992371138819,0.0008007628861179076,0.9991992371138819,2.5450465631985095e-242
83,0.1646586345381526,0.3287529114975606,2,0.9995245215616884,0.00047547843831162613,0.9995245215616884,1.0982380308475981e-249
84,0.1666666666666666,0.3606198582167506,2,0.998461623418639,0.0015383765813609526,0.998461623418639,2.6736117478105016e-226
85,0.1686746987951807,0.3506001182583337,2,0.9988533876483773,0.0011466123516226643,0.9988533876483773,1.0913324155198944e-233
86,0.1706827309236947,0.3249083438170209,2,0.9997476098867205,0.0002523901132796245,0.9997476098867205,1.9075628644836632e-252
87,0.1726907630522088,0.3245971228246023,2,0.9997929842659026,0.0002070157340972943,0.9997929842659026,1.29465805250643e-252
88,0.1746987951807228,0.3657572212505229,2,0.9981734804439711,0.0018265195560290635,0.9981734804439711,6.397891057239045e-223
89,0.1767068273092369,0.3613409937478208,2,0.9985089989405462,0.0014910010594537235,0.9985089989405462,4.018789156591746e-226
90,0.1787148594377509,0.3608246742349152,2,0.9986337938029717,0.0013662061970283516,0.9986337938029717,1.6237737896160234e-226
91,0.180722891566265,0.3445158270751519,2,0.9995446161617716,0.000455383838228368,0.9995446161617716,4.5839449701860605e-238
92,0.1827309236947791,0.3776207987296733,2,0.997490359424395,0.0025096405756048117,0.997490359424395,9.21205974044943e-215
93,0.1847389558232931,0.3543679339839073,2,0.9993384146764326,0.000661585323567241,0.9993384146764326,5.047636838329818e-231
94,0.1867469879518072,0.3714542428117409,2,0.9983355479519599,0.0016644520480402685,0.9983355479519599,4.2282572901422876e-219
95,0.1887550200803212,0.4064489230883821,2,0.9944811379401137,0.005518862059886217,0.9944811379401137,4.179294819543226e-195
96,0.1907630522088353,0.3683094197014677,2,0.9989204898507582,0.0010795101492418078,0.9989204898507582,3.149503572702551e-221
97,0.1927710843373493,0.3540823835332415,2,0.9997012905784927,0.000298709421507334,0.9997012905784927,6.409566052147853e-231
98,0.1947791164658634,0.3685072890943247,2,0.9992124138854088,0.000787586114591143,0.9992124138854088,5.51022084545913e-221
99,0.1967871485943775,0.4134602737225074,2,0.9929666289350915,0.00703337106490871,0.9929666289350915,9.47492235388992e-191
100,0.1987951807228915,0.4026849841933873,2,0.9953121481076466,0.004687851892353544,0.9953121481076466,5.706130819835166e-198
101,0.2008032128514056,0.3990288781290361,2,0.996369185376218,0.003630814623782165,0.996369185376218,2.0894870350597363e-200
102,0.2028112449799196,0.3954406138536079,2,0.9973588072740871,0.0026411927259130667,0.9973588072740871,9.233808332916651e-203
103,0.2048192771084337,0.4193457523679312,2,0.9921373229706624,0.007862677029337382,0.9921373229706624,4.153375811170354e-187
104,0.2068273092369477,0.3966725214540911,2,0.9978651300220883,0.0021348699779114664,0.9978651300220883,7.189246580093e-202
105,0.2088353413654618,0.4237839941037756,2,0.9915161204694743,0.008483879530525608,0.9915161204694743,2.6346869367554686e-184
106,0.2108433734939759,0.4070616556116926,2,0.9968588860236115,0.0031411139763886367,0.9968588860236115,4.814061890770418e-195
107,0.2128514056224899,0.4077496235394788,2,0.9971892996912634,0.0028107003087367065,0.9971892996912634,1.495912793982428e-194
108,0.214859437751004,0.4169691268055077,2,0.9955678501508636,0.0044321498491365985,0.9955678501508636,1.2302944319049366e-188
109,0.216867469879518,0.4262267908293569,2,0.9932430700034364,0.006756929996563528,0.9932430700034364,9.111006651681267e-183
110,0.2188755020080321,0.4367744072973901,2,0.9894230745831415,0.010576925416858524,0.9894230745831415,3.6459422605498745e-176
111,0.2208835341365461,0.4464761841753146,2,0.9848661980481136,0.015133801951886164,0.9848661980481136,3.6131571365042415e-170
112,0.2228915662650602,0.3720158267015515,2,0.9999827538797653,1.724612023476161e-05,0.9999827538797653,1.9281283179188804e-216
113,0.2248995983935742,0.4336461856322132,2,0.9938287637047593,0.006171236295240863,0.9938287637047593,5.071552253835755e-178
114,0.2269076305220883,0.4459838614970559,2,0.9886566914408557,0.011343308559144427,0.9886566914408557,1.8095980720924266e-170
115,0.2289156626506024,0.4879325660733714,2,0.9572527035772638,0.04274729642273615,0.9572527035772638,2.3192133181316842e-145
116,0.2309236947791164,0.4402473373905902,2,0.9941142080158291,0.005885791984171104,0.9941142080158291,7.774450883459762e-174
117,0.2329317269076305,0.4691193861772592,2,0.9737460400551486,0.026253959944851548,0.9737460400551486,1.2710245753451892e-156
118,0.2349397590361445,0.4997801242670058,2,0.9438876094841185,0.05611239051588139,0.9438876094841185,9.570898983612331e-139
119,0.2369477911646586,0.4476362117303717,2,0.9942313902447156,0.0057686097552841625,0.9942313902447156,3.298402237126421e-169
120,0.2389558232931726,0.4857911511036333,2,0.9582018666959091,0.04179813330409092,0.9582018666959091,5.639229015476564e-147
121,0.2409638554216867,0.465882274164683,2,0.9855326642119437,0.014467335788056401,0.9855326642119437,1.93464529720304e-158
122,0.2429718875502007,0.4758511002546168,2,0.9772439314156849,0.022756068584315118,0.9772439314156849,1.1229016548706666e-152
123,0.2449799196787148,0.4738976226783634,2,0.9822833871371008,0.017716612862898985,0.9822833871371008,9.537965467773148e-154
124,0.2469879518072289,0.4793387574461401,2,0.9786277085589615,0.021372291441038506,0.9786277085589615,1.2798917821526862e-150
125,0.2489959839357429,0.5524302108296157,2,0.9107932332443037,0.08920676675569629,0.9107932332443037,3.173500081057587e-110
126,0.251004016064257,0.5188971495699473,2,0.9079174432408439,0.09208255675915593,0.9079174432408439,1.1249178749269267e-128
127,0.253012048192771,0.5280588536212664,2,0.8900436886328117,0.10995631136718838,0.8900436886328117,9.243804052547804e-124
128,0.2550200803212851,0.5198800303793001,2,0.9085350689409263,0.09146493105907359,0.9085350689409263,3.0355265109145303e-128
129,0.2570281124497992,0.4819310891315592,2,0.9896249277327774,0.010375072267222365,0.9896249277327774,8.605000713995336e-149
130,0.2590361445783132,0.5259714485630926,2,0.8977498464086678,0.10225015359133242,0.8977498464086678,4.7206438837372434e-125
131,0.2610441767068273,0.5435469457038015,2,0.850779962386944,0.14922003761305588,0.850779962386944,7.757538023422199e-116
132,0.2630522088353413,0.5090364281899005,2,0.9599819546918804,0.040018045308119816,0.9599819546918804,5.421333725913726e-134
133,0.2650602409638554,0.5494270152709333,2,0.8323705956395686,0.1676294043604315,0.8323705956395686,6.177253938536809e-113
134,0.2670682730923694,0.5482232703818205,2,0.8360520392913595,0.1639479607086403,0.8360520392913595,1.2845793990163188e-113
135,0.2690763052208835,0.5751934113380404,2,0.7832009025657359,0.21679909743426407,0.7832009025657359,5.157067241849028e-100
136,0.2710843373493976,0.5338130144485228,2,0.9090769634931829,0.09092303650681705,0.9090769634931829,5.508768214790996e-121
137,0.2730923694779116,0.5242325193103087,2,0.9531109132873784,0.04688908671262172,0.9531109132873784,8.567025282200273e-126
138,0.2751004016064257,0.5429682410254004,2,0.887150716596083,0.11284928340391681,0.887150716596083,2.5197273651432602e-116
139,0.2771084337349397,0.5829282873331518,2,0.7254780062850997,0.2745219937149003,0.7254780062850997,1.0890517535367601e-96
140,0.2791164658634538,0.5216648141100684,2,0.978646449049205,0.021353550950795074,0.978646449049205,8.828763476838682e-127
141,0.2811244979919678,0.5208814816753151,2,0.9843642260791596,0.015635773920840392,0.9843642260791596,4.915492926996467e-127
142,0.2831325301204819,0.5680529658195961,2,0.7881345373769694,0.2118654626230307,0.7881345373769694,4.8473484544408884e-104
143,0.285140562248996,0.5614293386425089,2,0.8446517161511655,0.15534828384883437,0.8446517161511655,3.4895905138313977e-107
144,0.28714859437751,0.5744517466185337,2,0.7692821525235023,0.23071784747649768,0.7692821525235023,5.142303914726401e-101
145,0.2891566265060241,0.5972194884367654,2,0.6450619885662346,0.3549380114337655,0.6450619885662346,1.838441683844948e-90
146,0.2911646586345381,0.5712779303466992,2,0.8237908373726051,0.17620916262739517,0.8237908373726051,1.9035623618415107e-102
147,0.2931726907630522,0.548885264907492,2,0.9621540833990145,0.037845916600985505,0.9621540833990145,9.270893201840826e-113
148,0.2951807228915662,0.6312510769271313,2,0.5729222975042692,0.4270777024957309,0.5729222975042692,2.3962919195398013e-75
149,0.2971887550200803,0.574432944291385,2,0.8565328889121234,0.14346711108787674,0.8565328889121234,7.951913886150422e-101
150,0.2991967871485943,0.5772128318569467,2,0.855309862096318,0.14469013790368188,0.855309862096318,1.6884151459570996e-99
151,0.3012048192771084,0.6244840388286688,2,0.5207005630518619,0.47929943694813804,0.5207005630518619,1.0075399178592977e-78
152,0.3032128514056225,0.5987359203904146,2,0.7043340806049293,0.2956659193950706,0.7043340806049293,6.589994208811894e-90
153,0.3052208835341365,0.6091739700275768,2,0.6254542167174338,0.37454578328256594,0.6254542167174338,2.1615529137307675e-85
154,0.3072289156626506,0.6241136338065075,2,0.5207801823834072,0.4792198176165929,0.5207801823834072,4.604863482783695e-79
155,0.3092369477911646,0.6401455576445292,1,0.5527659707884732,0.5527659707884732,0.44723402921152655,2.1093816716507404e-72
156,0.3112449799196787,0.615820745975722,2,0.621830842972643,0.37816915702735715,0.621830842972643,1.5979565326205454e-82
157,0.3132530120481927,0.6569050642146714,1,0.5998392564161257,0.5998392564161257,0.4001607435838742,1.0728138108370116e-65
158,0.3152610441767068,0.5878060913787175,2,0.9366544974779994,0.0633455025220005,0.9366544974779994,5.610004505652208e-94
159,0.3172690763052208,0.6497338973495032,1,0.601306761932411,0.601306761932411,0.3986932380675891,8.838971945728441e-69
160,0.3192771084337349,0.6217636657071167,2,0.6647179747463928,0.335282025253607,0.6647179747463928,6.934540409481109e-80
161,0.321285140562249,0.6700157074566578,1,0.6632269183521118,0.6632269183521118,0.3367730816478883,6.104536004261563e-61
162,0.323293172690763,0.6494272349581369,1,0.5804260126418578,0.5804260126418578,0.4195739873581422,5.48800717314233e-69
163,0.3253012048192771,0.6371443029983662,2,0.5677663005989017,0.43223369940109824,0.5677663005989017,1.1519766452125247e-73
164,0.3273092369477911,0.6678752957560149,1,0.6751372318225658,0.6751372318225658,0.3248627681774341,5.189498696488095e-62
165,0.3293172690763052,0.6764983050967555,1,0.7056579701782872,0.7056579701782872,0.2943420298217128,7.681188996636721e-59
166,0.3313253012048192,0.6754884848668112,1,0.7031130159958686,0.7031130159958686,0.29688698400413155,2.8359262882396547e-59
167,0.3333333333333333,0.6460727418740054,2,0.5881764688840214,0.41182353111597847,0.5881764688840214,5.400075968338472e-70
168,0.3353413654618473,0.661002388451253,1,0.5701632242575294,0.5701632242575294,0.42983677574247064,1.6350188240515156e-64
169,0.3373493975903614,0.6746173384382942,1,0.6751013610177705,0.6751013610177705,0.3248986389822297,1.2379799712751465e-59
170,0.3393574297188754,0.6778896663847497,1,0.6847764312157418,0.6847764312157418,0.31522356878425817,1.8142554211856987e-58
171,0.3413654618473895,0.697725833203546,1,0.7743768701472973,0.7743768701472973,0.22562312985270294,1.333758917826168e-51
172,0.3433734939759036,0.646448963301675,2,0.7925620164275325,0.20743798357246748,0.7925620164275325,3.2890351332935315e-69
173,0.3453815261044176,0.6974495932999053,1,0.7683421458035918,0.7683421458035918,0.23165785419640825,9.063395511006478e-52
174,0.3473895582329317,0.6889794893771306,1,0.7044195088758897,0.7044195088758897,0.29558049112411044,1.4166003947470487e-54
175,0.3493975903614457,0.6820251683952124,1,0.6078509059773062,0.6078509059773062,0.39214909402269377,8.636481328715822e-57
176,0.3514056224899598,0.6879615094245276,1,0.6467937590042314,0.6467937590042314,0.3532062409957686,8.898054361119008e-55
177,0.3534136546184738,0.7025365559465885,1,0.7551538240653917,0.7551538240653917,0.24484617593460842,4.594966626397821e-50
178,0.3554216867469879,0.6388216714047855,2,0.9818805397608553,0.01811946023914464,0.9818805397608553,1.2948185635006051e-70
179,0.3574297188755019,0.7008336463351729,1,0.700265154433715,0.700265154433715,0.29973484556628516,1.7929159294034026e-50
180,0.359437751004016,0.7013592055151062,1,0.6774806136112651,0.6774806136112651,0.32251938638873473,3.205833393680873e-50
181,0.36144578313253,0.7335472304515126,1,0.8563014359931737,0.8563014359931737,0.14369856400682646,1.7703201245631583e-40
182,0.3634538152610441,0.7107970968718779,1,0.720239120931553,0.720239120931553,0.27976087906844704,3.3088953661922994e-47
183,0.3654618473895582,0.7266214187757066,1,0.8189309757021216,0.8189309757021216,0.18106902429787847,1.6054753408637765e-42
184,0.3674698795180722,0.7657852915893706,1,0.887673296267441,0.887673296267441,0.11232670373255892,3.6276702256227495e-31
185,0.3694779116465863,0.7588428536894811,1,0.8932992490523053,0.8932992490523053,0.10670075094769468,2.726898834769495e-33
186,0.3714859437751003,0.7610173155490698,1,0.8972320328770673,0.8972320328770673,0.10276796712293253,9.387773898348473e-33
187,0.3734939759036144,0.7369905031990118,1,0.823115525079889,0.823115525079889,0.176884474920111,2.167374016619117e-39
188,0.3755020080321284,0.76186466165005,1,0.8993939849330375,0.8993939849330375,0.10060601506696253,1.2410831288388223e-32
189,0.3775100401606425,0.7503421243122133,1,0.8649166294289101,0.8649166294289101,0.13508337057108974,1.0453180676744093e-35
190,0.3795180722891565,0.7551142803647743,1,0.8743558201651729,0.8743558201651729,0.12564417983482726,2.029727648725569e-34
191,0.3815261044176706,0.7712459157102723,1,0.90955117281469,0.90955117281469,0.09044882718531012,3.022395557866011e-30
192,0.3835341365461847,0.7551284013239508,1,0.8524538071571803,0.8524538071571803,0.1475461928428195,2.6986386485045655e-34
193,0.3855421686746987,0.8009443994382616,1,0.9259870205839147,0.9259870205839147,0.0740129794160854,8.184971379893143e-23
194,0.3875502008032128,0.771897798814467,1,0.8991222416483227,0.8991222416483227,0.10087775835167741,4.594368146767199e-30
195,0.3895582329317268,0.791483677188647,1,0.9296718084240875,0.9296718084240875,0.07032819157591229,2.4243572191313508e-25
196,0.3915662650602409,0.8122445397056278,1,0.9353702299114612,0.9353702299114612,0.06462977008853878,1.9934950692287588e-20
197,0.393574297188755,0.8077816698690135,1,0.9393911826427097,0.9393911826427097,0.06060881735729014,1.3324522421990178e-21
198,0.395582329317269,0.7629862765807276,1,0.7813580105212009,0.7813580105212009,0.21864198947879898,9.9779342680483e-32
199,0.3975903614457831,0.8040786407917638,1,0.9388113986686776,0.9388113986686776,0.06118860133132241,1.4423121211133023e-22
200,0.3995983935742971,0.8162111750378073,1,0.9461341461533509,0.9461341461533509,0.05386585384664898,6.325377207053786e-20
201,0.4016064257028112,0.8210501118488374,1,0.9486288337638571,0.9486288337638571,0.05137116623614268,6.106750080290359e-19
202,0.4036144578313252,0.7849630189803579,1,0.8616606639004745,0.8616606639004745,0.13833933609952556,1.7901428805605616e-26
203,0.4056224899598393,0.7981042751793321,1,0.9093722895095148,0.9093722895095148,0.09062771049048542,1.0412509902490513e-23
204,0.4076305220883534,0.8351522088915392,1,0.9549805813905912,0.9549805813905912,0.045019418609408404,3.233028971151304e-16
205,0.4096385542168674,0.804041901020082,1,0.9105278391644206,0.9105278391644206,0.08947216083557936,2.3363299177751736e-22
206,0.4116465863453815,0.8172992515574766,1,0.9378755570413246,0.9378755570413246,0.06212444295867514,9.204778057650876e-20
207,0.4136546184738955,0.8588267531378305,1,0.9572944833197857,0.9572944833197857,0.042705516672690354,7.523837364165242e-12
208,0.4156626506024096,0.8303693161971234,1,0.9503241258647832,0.9503241258647832,0.04967587413521663,2.89007608614812e-17
209,0.4176706827309236,0.8208058827051705,1,0.927337834681559,0.927337834681559,0.07266216531844087,6.634928720094567e-19
210,0.4196787148594377,0.8218050825816173,1,0.9216637283277103,0.9216637283277103,0.07833627167228967,1.2512013625666497e-18
211,0.4216867469879518,0.8500278805676074,1,0.9622090173806033,0.9622090173806033,0.037790982619310964,8.597089491762778e-14
212,0.4236947791164658,0.8207265980633874,1,0.8918113523506487,0.8918113523506487,0.10818864764935152,1.55243193175513e-18
213,0.4257028112449799,0.8464589032120314,1,0.9553900245118557,0.9553900245118557,0.04460997548812051,2.3727542287293295e-14
214,0.4277108433734939,0.8620862974467882,1,0.9664059680498083,0.9664059680498083,0.03359403194288242,7.309487946430412e-12
215,0.429718875502008,0.8854207474149693,1,0.9695126005295981,0.9695126005295981,0.03048736867321405,3.07971877854e-08
216,0.431726907630522,0.876804776868444,1,0.9708837223148067,0.9708837223148067,0.029116276521438257,1.1637550642601994e-09
217,0.4337349397590361,0.8531885771584287,1,0.9487891587224956,0.9487891587224956,0.0512108412770468,4.578215156811979e-13
218,0.4357429718875502,0.8950543301263748,1,0.9728361817721959,0.9728361817721959,0.027163413128089994,4.0509971416174583e-07
219,0.4377510040160642,0.8695117072811789,1,0.9638030216102642,0.9638030216102642,0.03619697828317597,1.0655985549590908e-10
220,0.4397590361445783,0.8548040118481683,1,0.9296210636997367,0.9296210636997367,0.07037893629852043,1.7429436184207445e-12
221,0.4417670682730923,0.8800933093608752,1,0.9685588087310358,0.9685588087310358,0.031441188256829296,3.012134854195492e-09
222,0.4437751004016064,0.9163135848261268,1,0.9746331279298219,0.9746331279298219,0.025258008014243046,0.00010886405593512098
223,0.4457831325301204,0.8948710660615393,1,0.9744513287990194,0.9744513287990194,0.02554846614557487,2.0505540598256107e-07
224,0.4477911646586345,0.8958327666038647,1,0.9739143554666634,0.9739143554666634,0.026085374324746325,2.702085900649254e-07
225,0.4497991967871485,0.932342626468354,1,0.9715809694695329,0.9715809694695329,0.024675122995890537,0.003743907534576532
226,0.4518072289156626,0.8749873608902367,1,0.9326236887550231,0.9326236887550231,0.0673763085273001,2.7176767817565174e-09
227,0.4538152610441767,0.881918539807298,1,0.9436987916600033,0.9436987916600033,0.05630119024370705,1.809628962847144e-08
228,0.4558232931726907,0.8793296569260448,1,0.9243009370438932,0.9243009370438932,0.07569904727104439,1.568506230835042e-08
229,0.4578313253012048,0.9231156143320108,1,0.9798279645416696,0.9798279645416696,0.020000427532070958,0.00017160792625932412
230,0.4598393574297188,0.92300857740174,1,0.9793976155765619,0.9793976155765619,0.020438939146219866,0.00016344527721842537
231,0.4618473895582329,0.9545495064620612,1,0.8952458785459166,0.8952458785459166,0.018923507216345583,0.08583061423773772
232,0.4638554216867469,0.9325803449162292,1,0.980106822618922,0.980106822618922,0.018874924668074947,0.0010182527130028402
233,0.465863453815261,0.923643764440936,1,0.976053559529048,0.976053559529048,0.023719511647961045,0.00022692882299095739
234,0.467871485943775,0.9357788693451122,1,0.9790235782683698,0.9790235782683698,0.019174913270025802,0.0018015084616044073
235,0.4698795180722891,0.9421131845137974,1,0.9771125248472095,0.9771125248472095,0.017912554986427683,0.004974920166362882
236,0.4718875502008032,0.9103398749350432,1,0.9392164478998036,0.9392164478998036,0.060701187514712804,8.236458548357419e-05
237,0.4738955823293172,1.0019977975453322,3,0.9745766003897166,0.024437297282563355,0.0009861023277200794,0.9745766003897166
238,0.4759036144578313,0.9622046492777008,1,0.9161794271424957,0.9161794271424957,0.01437480808678708,0.06944576477071725
239,0.4779116465863453,0.9600234593331424,1,0.93339725963672,0.93339725963672,0.015050916931514932,0.0515518234317651
240,0.4799196787148594,0.9721426371152904,1,0.8222054809755942,0.8222054809755942,0.012249122692592044,0.16554539633181353
241,0.4819277108433734,0.978043641298479,1,0.7434882776331706,0.7434882776331706,0.010827584762515545,0.2456841376043137
242,0.4839357429718875,0.9650604162337264,1,0.8964832379857552,0.8964832379857552,0.01499797659938443,0.08851878541486032
243,0.4859437751004015,0.9592627274759892,1,0.912698207001545,0.912698207001545,0.019059907983259156,0.06824188501519575
244,0.4879518072289156,0.9878926281842654,1,0.6491862330523275,0.6491862330523275,0.008911024199370359,0.34190274274830196
245,0.4899598393574296,0.9876338955254884,1,0.6715036551377169,0.6715036551377169,0.00918801788713723,0.319308326975146
246,0.4919678714859437,0.9677379409900992,1,0.8078521475345043,0.8078521475345043,0.017568528264513737,0.1745793242009819
247,0.4939759036144578,1.016332519456261,3,0.6054905387457277,0.38865726475829027,0.005852196495982061,0.6054905387457277
248,0.4959839357429718,0.9978349122124034,1,0.6077188350958408,0.6077188350958408,0.007956092496292094,0.384325072407867
249,0.4979919678714859,1.0105803229883243,1,0.5550671351359879,0.5550671351359879,0.006994736803832517,0.43793812806017945
250,0.5,1.0278384177535984,1,0.5173255331552228,0.5173255331552228,0.007422599111721485,0.4752518677330556
251,0.5,1.0004377764232968,1,0.5996327998626273,0.5996327998626273,0.00802123591404163,0.39234596422333085
252,0.5020080321285141,1.0063390401396823,1,0.5969165413630256,0.5969165413630256,0.007662275561979615,0.39542118307499485
253,0.5040160642570282,1.0162005447701223,1,0.6235462157874367,0.6235462157874367,0.007531718964898766,0.36892206524766447
254,0.5060240963855421,0.9855027783239988,3,0.6147735825202062,0.37482258420653985,0.010403833273253775,0.6147735825202062
255,0.5080321285140562,1.00108103325692,3,0.5147586744347643,0.47688977655946996,0.008351549005765785,0.5147586744347643
256,0.5100401606425703,1.002510971733023,3,0.5557864373213064,0.43606809877831687,0.008145463900376924,0.5557864373213064
257,0.5120481927710844,0.9808788289663322,3,0.897077673109995,0.09671998957719659,0.006202337312808546,0.897077673109995
258,0.5140562248995983,1.0463527357734776,1,0.8874992066468569,0.8874992066468569,0.010333248493801005,0.10216754485934212
259,0.5160642570281124,0.971854131130152,3,0.9869846518976758,0.01071481629681534,0.002300531805508873,0.9869846518976758
260,0.5180722891566265,0.9740379219262568,3,0.9921830191316491,0.006283877769386678,0.0015331030989642058,0.9921830191316491
261,0.5200803212851406,1.0262845315140716,1,0.6254129453653589,0.6254129453653589,0.00954878866891445,0.36503826596572675
262,0.5220883534136547,1.0142653250159308,3,0.7574778569354846,0.23603789132217776,0.006484251742337449,0.7574778569354846
263,0.5240963855421686,0.9794807036503844,3,0.9985133255761773,0.0010577484050336154,0.00042892601878900875,0.9985133255761773
264,0.5261044176706827,1.012145780302034,3,0.9145107495279381,0.0817905207445545,0.0036987297275074956,0.9145107495279381
265,0.5281124497991968,1.0293570088999462,3,0.5516481847848034,0.43837620714629194,0.009975608068904731,0.5516481847848034
266,0.5301204819277109,0.9993947388480604,3,0.9968297046202229,0.0026676798791762726,0.0005026155006010361,0.9968297046202229
267,0.5321285140562249,1.0519764580014916,1,0.9307884432285044,0.9307884432285044,0.012578572651203867,0.056632984120291725
268,0.5341365461847389,0.9655187637826392,3,0.9999957561149668,2.4840206080498955e-07,3.9954829723857724e-06,0.9999957561149668
269,0.536144578313253,1.013876469077182,3,0.9947074782216944,0.004623170031827742,0.0006693517464777975,0.9947074782216944
270,0.5381526104417671,1.02333056672442,3,0.9812280714173883,0.017159806567991622,0.0016121220146200405,0.9812280714173883
271,0.5401606425702812,1.017826878032105,3,0.9972473627419576,0.002306038171686127,0.00044659908635636786,0.9972473627419576
272,0.5421686746987951,0.995912885467087,3,0.9999878780333591,3.5084747063942298e-06,8.613491934643981e-06,0.9999878780333591
273,0.5441767068273092,0.994191170359777,3,0.9999961765130955,6.72049380263002e-07,3.151437524406423e-06,0.9999961765130955
274,0.5461847389558233,1.0088829034217452,3,0.9999694310519749,1.3003647951298723e-05,1.756530007386831e-05,0.9999694310519749
275,0.5481927710843374,1.0163150897330413,3,0.9999282318646556,3.737288665841653e-05,3.4395248685925116e-05,0.9999282318646556
276,0.5502008032128514,1.0120494687256472,3,0.9999886896302616,3.5286566821803197e-06,7.781713056273592e-06,0.9999886896302616
277,0.5522088353413654,1.0208011578158678,3,0.9999610454875582,1.7087266238316808e-05,2.186724620360364e-05,0.9999610454875582
278,0.5542168674698795,0.9796226008586651,3,0.9999999972911291,5.1092927602014936e-12,2.7037616288211665e-09,0.9999999972911291
279,0.5562248995983936,0.9954445804175271,3,0.9999999763194783,2.7895757945908986e-10,2.340156404678498e-08,0.9999999763194783
280,0.5582329317269076,0.9811996813575248,3,0.9999999995634599,3.045277854899629e-13,4.3623582265074466e-10,0.9999999995634599
281,0.5602409638554217,0.9922777444782772,3,0.9999999983701375,3.7137286219054654e-12,1.6261487882545174e-09,0.9999999983701375
282,0.5622489959839357,1.020304417836286,3,0.999999531729598,3.302030499128738e-08,4.352500970794892e-07,0.999999531729598
283,0.5642570281124498,1.0021596784145046,3,0.9999999979363912,6.66450497561198e-12,2.0569444007420483e-09,0.9999999979363912
284,0.5662650602409638,1.052137183262995,3,0.9991324237773914,0.00048217299265716367,0.000385403229951402,0.9991324237773914
285,0.5682730923694779,1.0038681273437944,3,0.9999999996121027,4.828326593110042e-13,3.8741450848036265e-10,0.9999999996121027
286,0.570281124497992,1.0011938376115948,3,0.999999999936394,2.6617377131856185e-14,6.357938324385062e-11,0.999999999936394
287,0.572289156626506,1.0021236583888042,3,0.9999999999738836,6.600988034305997e-15,2.6109904319220896e-11,0.9999999999738836
288,0.5742971887550201,0.9872438261428012,3,0.9999999999998739,9.827286961796916e-19,1.2591983717100778e-13,0.9999999999998739
289,0.5763052208835341,0.998843267752448,3,0.9999999999990639,3.2392397695928786e-17,9.359949837493078e-13,0.9999999999990639
290,0.5783132530120482,1.0225557605422328,3,0.9999999996414946,4.063761459847062e-13,3.580991432137153e-10,0.9999999996414946
291,0.5803212851405622,1.0022794133625554,3,0.9999999999997917,3.199067450697955e-18,2.0824755232378376e-13,0.9999999999997917
292,0.5823293172690763,0.9841308054023306,3,1.0,3.3205738564862265e-23,1.9921450856739821e-16,1.0
293,0.5843373493975903,0.9814983075904272,3,1.0,7.809282427326016e-25,1.983611369340658e-17,1.0
294,0.5863453815261044,0.9909959621666832,3,1.0,1.2866333092668957e-23,9.299151826830283e-17,1.0
295,0.5883534136546185,1.0014772686882176,3,0.9999999999999991,4.144237220664351e-22,7.191412375485684e-16,0.9999999999999991
296,0.5903614457831325,1.0238717307095253,3,0.9999999999995304,1.1121840913420895e-17,4.695999815364083e-13,0.9999999999995304
297,0.5923694779116466,0.9731902271726712,3,1.0,2.6663382834519445e-31,2.031838331013894e-21,1.0
298,0.5943775100401606,0.9936034744422249,3,1.0,3.785547228671344e-27,5.056424879689753e-19,1.0
299,0.5963855421686747,1.0028862003887016,3,1.0,8.352120003527084e-26,3.1900008818883054e-18,1.0
300,0.5983935742971888,0.9633258846474112,3,1.0,1.2147526394995e-37,2.834063351247341e-25,1.0
301,0.6004016064257028,0.9833280343406718,3,1.0,2.5009620450071076e-33,7.49482830231535e-23,1.0
302,0.6024096385542168,0.9864022292052764,3,1.0,1.1310825970361788e-33,4.1713689830687937e-23,1.0
303,0.6044176706827309,0.98408059252299,3,1.0,1.4637530236818114e-35,2.782816303564334e-24,1.0
304,0.606425702811245,1.003837790900433,3,1.0,4.5938298098176986e-31,1.4282691436908665e-21,1.0
305,0.608433734939759,0.996788807809964,3,1.0,2.6177241997795406e-34,1.3345096339624624e-23,1.0
306,0.6104417670682731,0.9888942779479792,3,1.0,6.356705179776286e-38,7.722095919796494e-26,1.0
307,0.6124497991967871,1.0085592525310527,3,1.0,3.382390569559502e-33,6.080592802113595e-23,1.0
308,0.6144578313253012,1.034461494352925,3,1.0,1.648054071049043e-26,1.3643675115531415e-18,1.0
309,0.6164658634538153,1.032785130334835,3,1.0,4.12811494200085e-28,1.2623131264633656e-19,1.0
310,0.6184738955823293,0.9615445645587531,3,1.0,3.077715866008995e-52,1.531991082330995e-34,1.0
311,0.6204819277108433,1.0115414436767027,3,1.0,3.4459896422906802e-37,1.7244043259709027e-25,1.0
312,0.6224899598393574,0.9964395341987232,3,1.0,1.7632924025404777e-43,1.9138578316708578e-29,1.0
313,0.6244979919678715,1.003103106857307,3,1.0,1.3177079481191499e-42,6.341751172801082e-29,1.0
314,0.6265060240963856,0.9920343393291492,3,1.0,8.610391744585218e-48,3.678876094707216e-32,1.0
315,0.6285140562248996,1.002351772597744,3,1.0,1.2557521844113146e-45,7.551652679972045e-31,1.0
316,0.6305220883534136,1.0030281479214405,3,1.0,8.357172457705514e-47,1.3303909259978654e-31,1.0
317,0.6325301204819277,0.9884209648530216,3,1.0,1.5959217895210165e-53,8.731790152255201e-36,1.0
318,0.6345381526104418,0.9820726490434964,3,1.0,2.0666905621109646e-57,3.4053730796139227e-38,1.0
319,0.6365461847389557,0.9910260863476104,3,1.0,1.212179718013359e-55,3.647576141480002e-37,1.0
320,0.6385542168674698,1.0046851852891354,3,1.0,4.729166951782713e-52,5.848127196988266e-35,1.0
321,0.6405622489959839,1.011979926833685,3,1.0,8.574593422775312e-51,3.5864258776012685e-34,1.0
322,0.642570281124498,1.017066979546803,3,1.0,2.4515255242133888e-50,7.041289163094034e-34,1.0
323,0.6445783132530121,0.9901161995386616,3,1.0,2.123840276697467e-62,1.7938611452043807e-41,1.0
324,0.6465863453815262,1.0056768913460548,3,1.0,7.666894046638313e-58,1.1591338603724582e-38,1.0
325,0.6485943775100401,1.019250051839066,3,1.0,5.335831996645846e-54,3.247171537228815e-36,1.0
326,0.6506024096385542,1.0233118979028826,3,1.0,6.656783275172191e-54,3.84596102114603e-36,1.0
327,0.6526104417670683,0.9988233429173696,3,1.0,1.5525313274878957e-65,1.5104854658585798e-43,1.0
328,0.6546184738955823,0.9955813655012078,3,1.0,1.3351281599115605e-68,1.7434223915363666e-45,1.0
329,0.6566265060240963,1.003822484676728,3,1.0,7.957366677288652e-67,2.1261242388471826e-44,1.0
330,0.6586345381526104,0.977005850542052,3,1.0,3.400826526146812e-80,1.0929775802907607e-52,1.0
331,0.6606425702811245,0.9961278097792898,3,1.0,1.2144012542597735e-73,1.0298217625955534e-48,1.0
332,0.6626506024096386,1.0148917279694627,3,1.0,3.625748269109284e-67,1.2204783280276341e-44,1.0
333,0.6646586345381527,1.012838942588874,3,1.0,8.465903102736482e-70,2.531176183077175e-46,1.0
334,0.6666666666666666,0.9945946479127222,3,1.0,8.275163106944668e-80,1.199498572067453e-52,1.0
335,0.6686746987951807,1.0043543640217434,3,1.0,3.3510230708607047e-77,4.8656133224959373e-51,1.0
336,0.6706827309236948,0.9835069931941862,3,1.0,9.076035612630425e-89,2.8868365543189784e-58,1.0
337,0.6726907630522088,1.0140698429645003,3,1.0,2.2735867087072414e-76,1.5757363860003073e-50,1.0
338,0.6746987951807228,0.9984435712772706,3,1.0,1.3181949836641134e-85,2.1831520919843995e-56,1.0
339,0.6767068273092369,0.9944809709660772,3,1.0,1.8528064520232837e-89,7.989939335231693e-59,1.0
340,0.678714859437751,0.9927655232781324,3,1.0,2.783466708265488e-92,1.2872793272343368e-60,1.0
341,0.6807228915662651,0.9987421226620028,3,1.0,2.3771323791998816e-91,4.5611616641529884e-60,1.0
342,0.6827309236947792,0.9910424471013608,3,1.0,3.372578807571371e-97,9.488411014046653e-64,1.0
343,0.6847389558232931,1.0131628607200514,3,1.0,3.7184654064550545e-88,4.47659964149781e-58,1.0
344,0.6867469879518072,0.9920943290396764,3,1.0,8.010563077241432e-101,4.4204310858220283e-66,1.0
345,0.6887550200803213,1.0318592819205477,3,1.0,1.2335824947056882e-82,1.750395860482223e-54,1.0
346,0.6907630522088353,1.0293042100696277,3,1.0,7.502752841126864e-86,1.4687353202436633e-56,1.0
347,0.6927710843373494,0.98216913020291,3,1.0,1.8464684348716071e-112,2.0132389429927568e-73,1.0
348,0.6947791164658634,1.0013940853885857,3,1.0,1.9128177894176454e-104,1.7946966896044074e-68,1.0
349,0.6967871485943775,0.986986867573276,3,1.0,2.4655832365096215e-114,1.1010083116723301e-74,1.0
350,0.6987951807228916,0.9934670487362278,3,1.0,4.7117786298244704e-113,6.2484732561969675e-74,1.0
351,0.7008032128514056,1.040048549352896,3,1.0,4.801273907740643e-90,3.66273324560902e-59,1.0
352,0.7028112449799196,0.993848571657684,3,1.0,2.5054597532679788e-117,1.1287945864554484e-76,1.0
353,0.7048192771084337,1.0072045207415483,3,1.0,3.7398630854364355e-112,1.9325987852928685e-73,1.0
354,0.7068273092369478,1.0108264258801656,3,1.0,2.403746678376391e-112,1.422286754457857e-73,1.0
355,0.7088353413654618,0.9799874125503352,3,1.0,3.758645402285455e-132,5.162884284983603e-86,1.0
356,0.7108433734939759,0.982898090511816,3,1.0,7.032516520726052e-133,1.6035919541291836e-86,1.0
357,0.7128514056224899,0.9758795525718376,3,1.0,2.061811906830252e-139,1.3215319385904444e-90,1.0
358,0.714859437751004,0.9822805853220444,3,1.0,4.1505006729519523e-138,7.251199388752718e-90,1.0
359,0.7168674698795181,0.9429993978136564,3,1.0,3.25274373212462e-164,9.48704488765058e-106,1.0
360,0.7188755020080321,1.0108916480158725,3,1.0,5.551976752930575e-126,2.561348251568442e-82,1.0
361,0.7208835341365462,1.0410838768251214,3,1.0,2.091126858715674e-110,3.302333126111904e-72,1.0
362,0.7228915662650602,1.0029564147807306,3,1.0,1.6230821108534947e-135,2.1060402745606963e-88,1.0
363,0.7248995983935742,0.9716746228131878,3,1.0,3.070030024101045e-157,5.756002148453976e-102,1.0
364,0.7269076305220883,0.9871444723420012,3,1.0,3.212478058921561e-150,1.0696351014993124e-97,1.0
365,0.7289156626506024,0.9908224630995,3,1.0,1.7336743035212294e-150,6.546473817060767e-98,1.0
366,0.7309236947791165,0.9796483044557324,3,1.0,3.85651786761465e-160,5.833672368168349e-104,1.0
367,0.7329317269076305,1.0172036527679031,3,1.0,5.949564532883603e-139,1.206740456263387e-90,1.0
368,0.7349397590361446,1.0162052008875069,3,1.0,4.6362682192177494e-142,1.221934891961849e-92,1.0
369,0.7369477911646586,0.9768909641236468,3,1.0,5.602952558828942e-170,3.1384991681779824e-110,1.0
370,0.7389558232931727,1.01450162088895,3,1.0,3.4656167494184095e-148,1.433817249967526e-96,1.0
371,0.7409638554216867,1.0305362532715454,3,1.0,2.531028363658736e-140,1.7379669347241928e-91,1.0
372,0.7429718875502007,1.038051164104591,3,1.0,6.487902556602046e-138,6.90646469910799e-90,1.0
373,0.7449799196787148,1.0573042404617192,3,1.0,8.30378756698845e-128,3.696722615879005e-83,1.0
374,0.7469879518072289,0.981960147011136,3,1.0,1.8884553387216761e-180,4.98820857374907e-117,1.0
375,0.748995983935743,1.0564844085279042,3,1.0,3.829465046950199e-133,1.345361776203537e-86,1.0
376,0.751004016064257,0.9929158722298242,3,1.0,1.3972148717452517e-178,5.818018516270256e-116,1.0
377,0.7530120481927711,0.9881506908923896,3,1.0,1.1032658918967072e-184,7.927162483038087e-120,1.0
378,0.7550200803212851,1.006541447497557,3,1.0,9.597465845951468e-175,1.349754594220281e-113,1.0
379,0.7570281124497992,0.9883587733181396,3,1.0,2.8978045813041095e-190,2.0597806491298747e-123,1.0
380,0.7590361445783133,1.0079808828129304,3,1.0,2.6645477172304483e-179,1.5800038583036155e-116,1.0
381,0.7610441767068272,0.973598456245254,3,1.0,1.1708186131386173e-206,1.018730629720987e-133,1.0
382,0.7630522088353413,0.9952249479587312,3,1.0,4.449692336585822e-194,6.207733048098687e-126,1.0
383,0.7650602409638554,1.0257116446872336,3,1.0,4.4383351423597204e-175,8.018122031989407e-114,1.0
384,0.7670682730923695,0.9988587741713768,3,1.0,2.6737432009701394e-197,4.940194156959564e-128,1.0
385,0.7690763052208835,1.0028319157347976,3,1.0,2.464633541837745e-197,4.4011502806468577e-128,1.0
386,0.7710843373493976,1.0095051720943462,3,1.0,2.297036916677029e-195,7.527010437124057e-127,1.0
387,0.7730923694779116,1.0234132325863532,3,1.0,5.1230831024114125e-188,3.87416982371765e-122,1.0
388,0.7751004016064257,0.9668955057562112,3,1.0,2.4275496525572267e-233,1.0062917042357978e-150,1.0
389,0.7771084337349397,1.0116904810367486,3,1.0,1.3818127729449704e-202,1.706133315034881e-131,1.0
390,0.7791164658634537,0.9946372172151648,3,1.0,1.5858495721440232e-218,1.2490972324730617e-141,1.0
391,0.7811244979919678,1.0033327579062368,3,1.0,5.781318800666721e-215,2.0728706076591283e-139,1.0
392,0.7831325301204819,1.0211990033952476,3,1.0,2.5395415894281427e-204,1.2889686833146343e-132,1.0
393,0.785140562248996,0.9761162669717632,3,1.0,2.2814838232876613e-242,1.0691717889399748e-156,1.0
394,0.7871485943775101,0.9797471111711382,3,1.0,8.993772286329386e-243,5.1227901677356515e-157,1.0
395,0.7891566265060241,0.9612914008057238,3,1.0,9.536301172103178e-261,3.330740729711469e-168,1.0
396,0.7911646586345381,0.9890168211647244,3,1.0,6.132886373205048e-242,1.3074151254552808e-156,1.0
397,0.7931726907630522,1.0266086468875764,3,1.0,2.941916568437827e-215,1.2459131691997546e-139,1.0
398,0.7951807228915662,0.9975882562305306,3,1.0,1.4103958121332011e-241,1.8217522706828854e-156,1.0
399,0.7971887550200802,0.9731975020869044,3,1.0,1.0703546633276993e-264,5.4423871443392735e-171,1.0
400,0.7991967871485943,0.9902864251084992,3,1.0,4.354597572049603e-254,1.97404032370078e-164,1.0
401,0.8012048192771084,0.9702427659301875,3,1.0,5.302899141117357e-274,6.5086605119750666e-177,1.0
402,0.8032128514056225,0.9774962779653767,3,1.0,1.985409130626094e-271,2.1583192528867183e-175,1.0
403,0.8052208835341366,1.0077763782052742,3,1.0,1.2354279310738412e-249,1.0364970519505892e-161,1.0
404,0.8072289156626506,0.9765225334738794,3,1.0,3.4410282892354143e-279,2.3080039359660294e-180,1.0
405,0.8092369477911646,1.022252686104066,3,1.0,3.7664945717594587e-244,3.2858281495196092e-158,1.0
406,0.8112449799196787,0.9985775941833932,3,1.0,1.9419347684748323e-267,4.290285460347705e-173,1.0
407,0.8132530120481927,1.0017118940788905,3,1.0,3.412627521430199e-268,1.3267935139214088e-173,1.0
408,0.8152610441767068,0.994432540647842,3,1.0,6.904374522486927e-278,9.008621797439779e-180,1.0
409,0.8172690763052208,1.0154569567708744,3,1.0,3.0903188012197477e-263,1.774918480321409e-170,1.0
410,0.8192771084337349,1.01566319775554,3,1.0,1.8387078508372506e-266,1.497475782976584e-172,1.0
411,0.821285140562249,1.0067010870382431,3,1.0,1.0520742541814318e-277,9.511387048097695e-180,1.0
412,0.8232931726907631,1.011295782118153,3,1.0,3.650735194319141e-277,2.022730841304997e-179,1.0
413,0.8253012048192772,0.9957582066015916,3,1.0,2.0453392900569732e-294,2.0739183028509256e-190,1.0
414,0.8273092369477911,1.010844060138181,3,1.0,1.425410291980994e-284,3.5041876018441137e-184,1.0
415,0.8293172690763052,0.993242444490524,3,1.0,6.723337030803073e-304,1.7619226094103787e-196,1.0
416,0.8313253012048192,1.000044632443248,3,1.0,2.0879015607743085e-301,6.08414513869409e-195,1.0
417,0.8333333333333333,0.994507125012674,3,1.0,4.39110931063907e-310,1.8037807782065287e-200,1.0
418,0.8353413654618473,0.990855629213616,3,1.0,4.010216e-317,5.897692340812928e-205,1.0
419,0.8373493975903614,0.9862177640455642,3,1.0,0.0,4.742566168706477e-210,1.0
420,0.8393574297188755,1.0093538020771775,3,1.0,1.653748718575048e-307,6.361020623195793e-199,1.0
421,0.8413654618473896,1.0262121182562691,3,1.0,1.36912161487666e-295,2.8292552867904726e-191,1.0
422,0.8433734939759037,1.0234220394333913,3,1.0,8.665365210500985e-302,2.8843692618918814e-195,1.0
423,0.8453815261044176,0.9748686932810912,3,1.0,0.0,1.356284437774037e-226,1.0
424,0.8473895582329317,1.0257840610281377,3,1.0,6.9957093015746046e-307,1.5447018215528184e-198,1.0
425,0.8493975903614457,0.9936368299676416,3,1.0,0.0,2.160263599182335e-220,1.0
426,0.8514056224899598,1.012014660302912,3,1.0,0.0,1.0523020673781634e-211,1.0
427,0.8534136546184738,0.9818756933590558,3,1.0,0.0,1.5164383103568297e-232,1.0
428,0.8554216867469879,1.00283959827748,3,1.0,0.0,2.960305152811474e-222,1.0
429,0.857429718875502,1.0062744636579382,3,1.0,0.0,1.2495424068878623e-222,1.0
430,0.8594377510040161,0.970307904161607,3,1.0,0.0,2.107197228178776e-247,1.0
431,0.8614457831325301,1.0121653433268838,3,1.0,0.0,5.895989014414449e-224,1.0
432,0.8634538152610441,1.0269187001567663,3,1.0,0.0,3.968392298958371e-217,1.0
433,0.8654618473895582,0.9965070410863676,3,1.0,0.0,6.590976793031993e-239,1.0
434,0.8674698795180722,1.0272033626165602,3,1.0,0.0,6.609841647399457e-222,1.0
435,0.8694779116465863,0.9962061301309518,3,1.0,0.0,2.6525475684006652e-244,1.0
436,0.8714859437751004,1.0169916906209324,3,1.0,0.0,1.5524327557775836e-233,1.0
437,0.8734939759036144,0.955628600680978,3,1.0,0.0,1.4083050516476106e-275,1.0
438,0.8755020080321285,1.0483755555862693,3,1.0,0.0,4.628960280624334e-218,1.0
439,0.8775100401606426,1.029909164904859,3,1.0,0.0,9.110287342891677e-233,1.0
440,0.8795180722891566,0.9943074899149263,3,1.0,0.0,8.272356278120807e-259,1.0
441,0.8815261044176707,0.9605582194671236,3,1.0,0.0,1.2446296848370124e-283,1.0
442,0.8835341365461846,1.00576056736611,3,1.0,0.0,1.2725736042968314e-256,1.0
443,0.8855421686746987,0.9711214890585248,3,1.0,0.0,2.4214872323456685e-282,1.0
444,0.8875502008032128,1.0088970707511498,3,1.0,0.0,6.625588060023627e-260,1.0
445,0.8895582329317269,1.0082313143832855,3,1.0,0.0,4.6167076456637935e-263,1.0
446,0.891566265060241,0.9811719366199596,3,1.0,0.0,4.2399433325093024e-284,1.0
447,0.893574297188755,1.0224193404722874,3,1.0,0.0,8.320892970289679e-259,1.0
448,0.8955823293172691,1.0161114940561236,3,1.0,0.0,7.43488208960639e-266,1.0
449,0.8975903614457831,1.0195164667457712,3,1.0,0.0,3.0971558380581992e-266,1.0
450,0.8995983935742972,1.000177154073378,3,1.0,0.0,2.119267726778668e-282,1.0
451,0.9016064257028112,0.9716895186617258,3,1.0,0.0,5.990258609909323e-305,1.0
452,0.9036144578313252,1.0195574454442229,3,1.0,0.0,1.807642915448348e-274,1.0
453,0.9056224899598392,0.994592572017284,3,1.0,0.0,7.885734167212432e-295,1.0
454,0.9076305220883534,0.9722043971361466,3,1.0,0.0,1.93195392626e-313,1.0
455,0.9096385542168676,1.0270407873194864,3,1.0,0.0,1.643110577556284e-277,1.0
456,0.9116465863453816,1.04198815041005,3,1.0,0.0,1.5444596366013798e-269,1.0
457,0.9136546184738956,0.999175037420416,3,1.0,0.0,3.5941187637508965e-303,1.0
458,0.9156626506024096,1.043182423092066,3,1.0,0.0,3.353037087979445e-274,1.0
459,0.9176706827309236,1.001826294572227,3,1.0,0.0,4.080820767373771e-307,1.0
460,0.9196787148594376,0.992390881916673,3,1.0,0.0,6.4844663e-317,1.0
461,0.9216867469879516,0.9873908309162904,3,1.0,0.0,1.5e-323,1.0
462,0.9236947791164658,1.0327416481598548,3,1.0,0.0,3.559591900432113e-293,1.0
463,0.92570281124498,0.9843971223722444,3,1.0,0.0,0.0,1.0
464,0.927710843373494,1.0147053861994997,3,1.0,0.0,2.08866487281e-312,1.0
465,0.929718875502008,0.988816723298816,3,1.0,0.0,0.0,1.0
466,0.931726907630522,0.9907938647485128,3,1.0,0.0,0.0,1.0
467,0.933734939759036,1.0206049938793913,3,1.0,0.0,6.7214716e-317,1.0
468,0.9357429718875502,0.9923992630742128,3,1.0,0.0,0.0,1.0
469,0.937751004016064,0.9919040924115942,3,1.0,0.0,0.0,1.0
470,0.9397590361445782,1.022656093943496,3,1.0,0.0,0.0,1.0
471,0.9417670682730924,1.0319479458644325,3,1.0,0.0,3.3913e-320,1.0
472,0.9437751004016064,1.0128937960656847,3,1.0,0.0,0.0,1.0
473,0.9457831325301204,0.986904604487521,3,1.0,0.0,0.0,1.0
474,0.9477911646586346,0.9897878300140484,3,1.0,0.0,0.0,1.0
475,0.9497991967871484,1.0015983052748008,3,1.0,0.0,0.0,1.0
476,0.9518072289156626,1.0064186012385132,3,1.0,0.0,0.0,1.0
477,0.9538152610441768,0.9802426817972044,3,1.0,0.0,0.0,1.0
478,0.9558232931726908,1.0144607587915973,3,1.0,0.0,0.0,1.0
479,0.9578313253012049,1.001710266592792,3,1.0,0.0,0.0,1.0
480,0.9598393574297188,0.9656858336272374,3,1.0,0.0,0.0,1.0
481,0.9618473895582328,0.9814214703507854,3,1.0,0.0,0.0,1.0
482,0.963855421686747,0.9899174265269668,3,1.0,0.0,0.0,1.0
483,0.9658634538152612,0.9985428462231788,3,1.0,0.0,0.0,1.0
484,0.967871485943775,1.03778557591008,3,1.0,0.0,0.0,1.0
485,0.9698795180722892,1.0047634261227925,3,1.0,0.0,0.0,1.0
486,0.9718875502008032,0.9831845622020275,3,1.0,0.0,0.0,1.0
487,0.9738955823293172,1.0044126160861433,3,1.0,0.0,0.0,1.0
488,0.9759036144578312,0.9929582450509225,3,1.0,0.0,0.0,1.0
489,0.9779116465863452,1.0064951647906708,3,1.0,0.0,0.0,1.0
490,0.9799196787148594,1.0116113537407123,3,1.0,0.0,0.0,1.0
491,0.9819277108433736,1.0241846129444787,3,1.0,0.0,0.0,1.0
492,0.9839357429718876,0.9995142700865994,3,1.0,0.0,0.0,1.0
493,0.9859437751004017,1.0327792105519966,3,1.0,0.0,0.0,1.0
494,0.9879518072289156,1.0181604532507238,3,1.0,0.0,0.0,1.0
495,0.9899598393574296,0.9858512091037562,3,1.0,0.0,0.0,1.0
496,0.9919678714859436,1.0441971133149692,3,1.0,0.0,0.0,1.0
497,0.9939759036144578,1.006539890265402,3,1.0,0.0,0.0,1.0
498,0.9959839357429718,0.9832975099205552,3,1.0,0.0,0.0,1.0
499,0.997991967871486,1.0330582610246084,3,1.0,0.0,0.0,1.0
500,1.0,1.041555551703969,3,1.0,0.0,0.0,1.0
