vector_index,x,y,is_seed,n_memberships,cluster_id
1, -1.0000000000000000E+00,  2.2978655623278427E-01,0,1,1
2, -9.9599198396793587E-01,  8.6239419275929430E-02,0,1,1
3, -9.9198396793587174E-01,  1.4114028963179573E-01,1,1,1
4, -9.8797595190380760E-01,  1.4272511981928496E-01,0,1,1
5, -9.8396793587174347E-01,  9.9602274918836275E-02,0,1,1
6, -9.7995991983967934E-01,  3.1072468799070427E-02,0,1,1
7, -9.7595190380761521E-01,  1.6784142708645380E-01,0,1,1
8, -9.7194388777555107E-01,  1.3826602794882453E-01,0,1,1
9, -9.6793587174348694E-01,  1.8431766032346866E-01,0,1,1
10, -9.6392785571142281E-01,  1.0277174752491844E-01,0,1,1
11, -9.5991983967935868E-01,  2.4429617204177784E-01,1,1,1
12, -9.5591182364729455E-01,  7.7668683787194923E-02,0,1,1
13, -9.5190380761523041E-01,  2.8596342503469507E-01,0,1,1
14, -9.4789579158316628E-01,  1.0388471879129640E-02,0,1,1
15, -9.4388777555110226E-01,  1.8618983956158569E-01,0,1,1
16, -9.3987975951903813E-01,  1.9066125978700621E-01,0,1,1
17, -9.3587174348697399E-01,  9.0210617895488010E-02,0,1,1
18, -9.3186372745490986E-01,  1.8904496279559690E-01,0,1,1
19, -9.2785571142284573E-01,  2.5870317164086010E-01,0,1,1
20, -9.2384769539078160E-01, -1.9745552729895671E-02,1,1,1
21, -9.1983967935871747E-01,  1.9908794229433499E-01,0,1,1
22, -9.1583166332665333E-01, -3.9314696232503776E-02,0,1,1
23, -9.1182364729458920E-01,  8.4182687392968580E-02,0,1,1
24, -9.0781563126252507E-01,  2.9306845655105479E-01,0,1,1
25, -9.0380761523046094E-01,  1.1750231726270584E-01,0,1,1
26, -8.9979959919839680E-01,  7.1454756407015971E-02,1,1,1
27, -8.9579158316633267E-01,  1.5086103475416854E-01,1,1,1
28, -8.9178356713426854E-01,  3.3347017104654414E-01,0,1,1
29, -8.8777555110220441E-01,  2.2855492752848400E-02,0,1,1
30, -8.8376753507014028E-01,  8.6648572651276734E-02,0,1,1
31, -8.7975951903807614E-01,  2.9192216540838878E-01,0,1,1
32, -8.7575150300601201E-01,  3.2212914383344621E-01,0,1,1
33, -8.7174348697394788E-01,  1.6663493344545333E-01,0,1,1
34, -8.6773547094188375E-01,  7.7192929400088525E-02,0,1,1
35, -8.6372745490981961E-01,  3.4540366959144486E-01,0,1,1
36, -8.5971943887775548E-01,  3.0672204544575066E-01,1,1,1
37, -8.5571142284569146E-01,  2.3492439051803773E-01,0,1,1
38, -8.5170340681362733E-01,  1.1707002636275700E-01,0,1,1
39, -8.4769539078156320E-01,  1.7960514858388105E-01,0,1,1
40, -8.4368737474949906E-01,  1.7217576388775807E-01,0,1,1
41, -8.3967935871743493E-01,  2.1296163712080451E-01,1,1,1
42, -8.3567134268537080E-01,  3.0407459371849777E-01,0,1,1
43, -8.3166332665330667E-01,  2.5986086785808760E-01,0,1,1
44, -8.2765531062124253E-01,  1.0484262151276894E-01,0,1,1
45, -8.2364729458917840E-01,  3.0268990198806656E-01,0,1,1
46, -8.1963927855711427E-01,  2.1917060950692915E-01,0,1,1
47, -8.1563126252505014E-01,  2.5064762788741990E-01,0,1,1
48, -8.1162324649298601E-01,  3.1458053285783583E-01,0,1,1
49, -8.0761523046092187E-01,  1.0991841923383806E-01,1,1,1
50, -8.0360721442885774E-01,  1.9757914517330630E-01,0,1,1
51, -7.9959919839679361E-01,  1.5954205966553270E-01,0,1,1
52, -7.9559118236472948E-01,  7.8255885740677739E-02,0,1,1
53, -7.9158316633266534E-01,  2.3306074216109662E-01,0,1,1
54, -7.8757515030060121E-01,  4.0790096578634627E-01,1,1,1
55, -7.8356713426853708E-01,  6.1436019514855778E-02,0,1,1
56, -7.7955911823647295E-01,  2.0773899435525095E-01,0,1,1
57, -7.7555110220440882E-01,  2.6325759685806555E-01,0,1,1
58, -7.7154308617234468E-01,  2.2356676041566173E-01,0,1,1
59, -7.6753507014028055E-01,  2.0639033537582754E-01,0,1,1
60, -7.6352705410821642E-01,  1.1323718938525089E-01,0,1,1
61, -7.5951903807615229E-01,  2.3754531178649399E-01,0,1,1
62, -7.5551102204408815E-01,  1.6014319540023703E-01,0,1,1
63, -7.5150300601202402E-01,  4.7266698910580662E-02,0,1,1
64, -7.4749498997995989E-01,  3.1981822936289861E-01,0,1,1
65, -7.4348697394789576E-01,  3.0272654343467192E-01,0,1,1
66, -7.3947895791583163E-01,  2.3200790780639480E-01,1,1,1
67, -7.3547094188376749E-01,  2.4803499911755303E-01,0,1,1
68, -7.3146292585170336E-01,  3.1750321992010627E-01,0,1,1
69, -7.2745490981963923E-01,  2.5136858552149954E-01,0,1,1
70, -7.2344689378757510E-01,  3.0762145042292421E-01,0,1,1
71, -7.1943887775551096E-01,  2.1339522273679087E-01,0,1,1
72, -7.1543086172344694E-01,  3.4406149204629560E-01,1,1,1
73, -7.1142284569138281E-01,  2.6669000924413205E-01,0,1,1
74, -7.0741482965931868E-01,  2.5849115257628624E-01,0,1,1
75, -7.0340681362725455E-01,  1.4331756826721481E-01,1,1,1
76, -6.9939879759519041E-01,  2.6985011999484287E-01,0,1,1
77, -6.9539078156312628E-01,  1.8232431921123138E-01,0,1,1
78, -6.9138276553106215E-01,  1.9982114780494459E-01,0,1,1
79, -6.8737474949899802E-01,  1.8767289004515200E-01,0,1,1
80, -6.8336673346693388E-01,  1.6963957095482102E-01,0,1,1
81, -6.7935871743486975E-01,  4.2697188454808210E-01,0,1,1
82, -6.7535070140280562E-01,  3.6556561751259631E-01,0,1,1
83, -6.7134268537074149E-01,  4.1477285932298658E-01,0,1,1
84, -6.6733466933867736E-01,  1.6541360450998152E-01,0,1,1
85, -6.6332665330661333E-01,  2.7106416836753028E-01,0,1,1
86, -6.5931863727454920E-01,  1.6401897217494008E-01,0,1,1
87, -6.5531062124248507E-01,  2.1399689458329449E-01,1,1,1
88, -6.5130260521042094E-01,  1.9837255574401452E-01,0,1,1
89, -6.4729458917835681E-01,  3.7317713113413020E-01,0,1,1
90, -6.4328657314629267E-01,  2.4451733969035763E-01,0,1,1
91, -6.3927855711422854E-01,  3.6390911277836835E-01,0,1,1
92, -6.3527054108216441E-01,  3.2900938106584793E-01,1,1,1
93, -6.3126252505010028E-01,  4.6722978955122252E-01,1,1,1
94, -6.2725450901803614E-01,  1.6686031183939021E-01,0,1,1
95, -6.2324649298597201E-01,  3.8824999632864654E-01,0,1,1
96, -6.1923847695390788E-01,  3.8154056888170040E-01,0,1,1
97, -6.1523046092184375E-01,  2.1428757764875103E-01,0,1,1
98, -6.1122244488977961E-01,  3.7507991027257925E-01,0,1,1
99, -6.0721442885771548E-01,  3.2377112337470054E-01,0,1,1
100, -6.0320641282565135E-01,  2.8107078513581224E-01,0,1,1
101, -5.9919839679358722E-01,  2.3576263672876685E-01,0,1,1
102, -5.9519038076152309E-01,  2.4657669424902007E-01,0,1,1
103, -5.9118236472945895E-01,  4.7053793364488927E-01,0,1,1
104, -5.8717434869739482E-01,  3.0907480532459652E-01,0,1,1
105, -5.8316633266533069E-01,  3.7407765050146025E-01,0,1,1
106, -5.7915831663326656E-01,  2.5074238697342521E-01,1,1,1
107, -5.7515030060120242E-01,  2.5415336659210852E-01,0,1,1
108, -5.7114228456913829E-01,  4.0564799186271089E-01,0,1,1
109, -5.6713426853707416E-01,  2.1369121878306901E-01,0,1,1
110, -5.6312625250501003E-01,  2.9102899163009266E-01,0,1,1
111, -5.5911823647294590E-01,  3.2957789842182433E-01,0,1,1
112, -5.5511022044088176E-01,  3.3839612896115656E-01,0,1,1
113, -5.5110220440881763E-01,  3.1781064513068780E-01,0,1,1
114, -5.4709418837675350E-01,  3.6647681977399088E-01,1,1,1
115, -5.4308617234468937E-01,  3.9293434110996556E-01,0,1,1
116, -5.3907815631262523E-01,  3.9899321479340327E-01,0,1,1
117, -5.3507014028056110E-01,  2.6409609867279937E-01,0,1,1
118, -5.3106212424849697E-01,  3.2298822538727212E-01,0,1,1
119, -5.2705410821643284E-01,  4.4408410703726781E-01,0,1,1
120, -5.2304609218436870E-01,  4.2287969176062334E-01,0,1,1
121, -5.1903807615230457E-01,  2.4430657333673148E-01,0,1,1
122, -5.1503006012024044E-01,  3.8510388989817851E-01,0,1,1
123, -5.1102204408817642E-01,  2.0160058519268328E-01,1,1,1
124, -5.0701402805611229E-01,  3.6650962805562531E-01,0,1,1
125, -5.0300601202404815E-01,  5.1749573755749312E-01,1,1,1
126, -4.9899799599198402E-01,  2.9278599634344304E-01,0,1,1
127, -4.9498997995991989E-01,  3.0483829388400685E-01,1,1,1
128, -4.9098196392785576E-01,  4.3569712077186801E-01,0,1,1
129, -4.8697394789579163E-01,  2.5416528684367967E-01,0,1,1
130, -4.8296593186372749E-01,  3.3000793828974900E-01,0,1,1
131, -4.7895791583166336E-01,  4.3140702238592188E-01,0,1,1
132, -4.7494989979959923E-01,  3.3603690918643353E-01,0,1,1
133, -4.7094188376753510E-01,  3.7101507699918679E-01,0,1,1
134, -4.6693386773547096E-01,  4.5256548515392525E-01,0,1,1
135, -4.6292585170340683E-01,  4.2991752237824710E-01,0,1,1
136, -4.5891783567134270E-01,  4.2072797303807258E-01,0,1,1
137, -4.5490981963927857E-01,  3.7546704779892592E-01,1,1,1
138, -4.5090180360721444E-01,  4.3544191787859737E-01,0,1,1
139, -4.4689378757515030E-01,  3.9920469068192166E-01,0,1,1
140, -4.4288577154308617E-01,  4.4902031811455290E-01,0,1,1
141, -4.3887775551102204E-01,  3.7596037091008211E-01,0,1,1
142, -4.3486973947895802E-01,  4.0445519121007811E-01,0,1,1
143, -4.3086172344689389E-01,  3.4323678962901794E-01,0,1,1
144, -4.2685370741482975E-01,  4.2303265245745214E-01,1,1,1
145, -4.2284569138276562E-01,  3.6438040320888504E-01,0,1,1
146, -4.1883767535070149E-01,  3.4359155036663541E-01,0,1,1
147, -4.1482965931863736E-01,  4.5689075732268652E-01,0,1,1
148, -4.1082164328657322E-01,  4.5672767549355581E-01,0,1,1
149, -4.0681362725450909E-01,  5.0587727455036302E-01,0,1,1
150, -4.0280561122244496E-01,  4.1232469431521585E-01,0,1,1
151, -3.9879759519038083E-01,  4.8305504278064704E-01,1,1,1
152, -3.9478957915831669E-01,  4.9809963806723012E-01,0,1,1
153, -3.9078156312625256E-01,  4.9327192919579016E-01,0,1,1
154, -3.8677354709418843E-01,  3.9532133206916231E-01,0,1,1
155, -3.8276553106212430E-01,  4.7703595393688769E-01,0,1,1
156, -3.7875751503006017E-01,  4.9796123284185512E-01,0,1,1
157, -3.7474949899799603E-01,  4.7317754597581396E-01,0,1,1
158, -3.7074148296593190E-01,  3.0948868354135906E-01,1,1,1
159, -3.6673346693386777E-01,  4.9308030624909444E-01,0,1,1
160, -3.6272545090180364E-01,  6.6110871851267350E-01,0,1,1
161, -3.5871743486973950E-01,  4.5919930015963095E-01,0,1,1
162, -3.5470941883767537E-01,  4.3368383775964964E-01,0,1,1
163, -3.5070140280561124E-01,  5.2575706429538671E-01,1,1,1
164, -3.4669338677354711E-01,  5.2487047469380510E-01,0,1,1
165, -3.4268537074148298E-01,  5.9932219028800793E-01,1,1,1
166, -3.3867735470941884E-01,  4.0732946315700980E-01,0,1,1
167, -3.3466933867735471E-01,  5.7055751438476210E-01,0,1,1
168, -3.3066132264529069E-01,  5.6340194029649293E-01,0,1,1
169, -3.2665330661322656E-01,  5.0895070113610297E-01,0,1,1
170, -3.2264529058116242E-01,  5.5160509263744273E-01,0,1,1
171, -3.1863727454909829E-01,  6.1108809234975858E-01,0,1,1
172, -3.1462925851703416E-01,  6.0277208560229212E-01,0,1,1
173, -3.1062124248497003E-01,  4.4583491980942913E-01,1,1,1
174, -3.0661322645290590E-01,  6.0721325312619479E-01,0,1,1
175, -3.0260521042084176E-01,  5.4078444488503441E-01,0,1,1
176, -2.9859719438877763E-01,  5.5618347801479873E-01,0,1,1
177, -2.9458917835671350E-01,  5.6063869047050097E-01,0,1,1
178, -2.9058116232464937E-01,  5.4722852185344006E-01,0,1,1
179, -2.8657314629258523E-01,  6.5908552615285676E-01,1,1,1
180, -2.8256513026052110E-01,  5.6158867990244943E-01,0,1,1
181, -2.7855711422845697E-01,  4.8329613315168740E-01,0,1,1
182, -2.7454909819639284E-01,  5.4598795199577210E-01,1,1,1
183, -2.7054108216432871E-01,  5.9641354144677328E-01,0,1,1
184, -2.6653306613226457E-01,  6.8514017569474150E-01,0,1,1
185, -2.6252505010020044E-01,  6.3977330286281731E-01,0,1,1
186, -2.5851703406813631E-01,  5.2824365061930023E-01,0,1,1
187, -2.5450901803607218E-01,  7.9990072675347379E-01,0,1,1
188, -2.5050100200400804E-01,  6.2710524281922331E-01,0,1,1
189, -2.4649298597194391E-01,  7.1283109638009867E-01,0,1,1
190, -2.4248496993987978E-01,  6.0357855028805130E-01,0,1,1
191, -2.3847695390781565E-01,  6.6333987629904489E-01,0,1,1
192, -2.3446893787575152E-01,  6.9282393136853115E-01,0,1,1
193, -2.3046092184368749E-01,  7.2815754575239966E-01,0,1,1
194, -2.2645290581162336E-01,  7.2036747813571056E-01,1,1,1
195, -2.2244488977955923E-01,  7.1067067186507327E-01,0,1,1
196, -2.1843687374749510E-01,  6.2084605357498668E-01,0,1,1
197, -2.1442885771543096E-01,  6.0551290242615707E-01,1,1,1
198, -2.1042084168336683E-01,  6.8310262793243770E-01,0,1,1
199, -2.0641282565130270E-01,  7.3642789862927360E-01,0,1,1
200, -2.0240480961923857E-01,  6.4928614643751426E-01,0,1,1
201, -1.9839679358717444E-01,  7.5768657557962338E-01,0,1,1
202, -1.9438877755511030E-01,  7.9409438494683360E-01,1,1,1
203, -1.9038076152304617E-01,  6.1003515770425698E-01,0,1,1
204, -1.8637274549098204E-01,  6.2188687035840251E-01,0,1,1
205, -1.8236472945891791E-01,  6.8315448028599257E-01,0,1,1
206, -1.7835671342685377E-01,  7.2458207593297352E-01,0,1,1
207, -1.7434869739478964E-01,  6.6364125710485689E-01,1,1,1
208, -1.7034068136272551E-01,  8.1946172848897347E-01,0,1,1
209, -1.6633266533066138E-01,  7.5093546422892399E-01,0,1,1
210, -1.6232464929859725E-01,  7.2593655329536577E-01,0,1,1
211, -1.5831663326653311E-01,  6.1372514546296197E-01,0,1,1
212, -1.5430861723446898E-01,  6.2919657759347114E-01,0,1,1
213, -1.5030060120240485E-01,  7.6285371286390891E-01,0,1,1
214, -1.4629258517034072E-01,  5.7572402691328595E-01,0,1,1
215, -1.4228456913827658E-01,  8.3334933106125642E-01,0,1,1
216, -1.3827655310621245E-01,  7.4574103511447187E-01,0,1,1
217, -1.3426853707414832E-01,  1.0239445167739392E+00,1,1,1
218, -1.3026052104208419E-01,  9.5528324017382427E-01,0,1,1
219, -1.2625250501002017E-01,  7.6233639524406693E-01,0,1,1
220, -1.2224448897795603E-01,  7.7459765952893600E-01,0,1,1
221, -1.1823647294589190E-01,  8.6905375984210353E-01,1,1,1
222, -1.1422845691382777E-01,  9.3201439153691912E-01,0,1,1
223, -1.1022044088176364E-01,  6.7112273544871637E-01,0,1,1
224, -1.0621242484969950E-01,  6.6571104492715993E-01,0,1,1
225, -1.0220440881763537E-01,  7.6536627948028668E-01,0,1,1
226, -9.8196392785571240E-02,  8.6830843018894144E-01,0,1,1
227, -9.4188376753507108E-02,  8.6805246977710393E-01,0,1,1
228, -9.0180360721442976E-02,  9.2055068227024950E-01,0,1,1
229, -8.6172344689378844E-02,  7.4571319963349847E-01,0,1,1
230, -8.2164328657314711E-02,  6.6317161340265329E-01,0,1,1
231, -7.8156312625250579E-02,  9.2393289839347037E-01,0,1,1
232, -7.4148296593186447E-02,  7.9591965984163138E-01,0,1,1
233, -7.0140280561122315E-02,  7.0763533233792730E-01,1,1,1
234, -6.6132264529058182E-02,  8.8771430775665661E-01,0,1,1
235, -6.2124248496994050E-02,  9.4661440597766355E-01,0,1,1
236, -5.8116232464929918E-02,  8.8050367252619577E-01,0,1,1
237, -5.4108216432865786E-02,  8.6080547044513178E-01,0,1,1
238, -5.0100200400801653E-02,  8.9190712748853140E-01,0,1,1
239, -4.6092184368737521E-02,  8.8229038037927121E-01,0,1,1
240, -4.2084168336673389E-02,  8.1143272616722828E-01,1,1,1
241, -3.8076152304609256E-02,  8.6950060476898061E-01,0,1,1
242, -3.4068136272545124E-02,  9.7583556060011811E-01,0,1,1
243, -3.0060120240480992E-02,  9.6738558548153386E-01,0,1,1
244, -2.6052104208416860E-02,  9.6267472841635615E-01,0,1,1
245, -2.2044088176352838E-02,  8.7725770193518138E-01,0,1,1
246, -1.8036072144288706E-02,  9.5005044973488195E-01,0,1,1
247, -1.4028056112224574E-02,  7.9816860174232240E-01,0,1,1
248, -1.0020040080160442E-02,  9.9443752068490854E-01,0,1,1
249, -6.0120240480963094E-03,  1.1023565685291239E+00,1,1,1
250, -2.0040080160321772E-03,  8.7806943478064414E-01,0,1,1
251,  2.0040080160319551E-03,  9.5714184500458466E-01,0,1,1
252,  6.0120240480960874E-03,  1.0384251698672928E+00,0,1,1
253,  1.0020040080160220E-02,  1.1204696414336683E+00,0,1,1
254,  1.4028056112224352E-02,  9.9259542230590370E-01,1,1,1
255,  1.8036072144288484E-02,  9.8135061164605342E-01,0,1,1
256,  2.2044088176352616E-02,  8.8756065029037690E-01,1,1,1
257,  2.6052104208416749E-02,  1.0617605691961813E+00,0,1,1
258,  3.0060120240480881E-02,  1.2253303131701223E+00,1,1,1
259,  3.4068136272545013E-02,  1.0926998567796147E+00,0,1,1
260,  3.8076152304609145E-02,  1.0773445993106228E+00,0,1,1
261,  4.2084168336673278E-02,  1.1135785819110673E+00,0,1,1
262,  4.6092184368737410E-02,  1.0956796157978570E+00,0,1,1
263,  5.0100200400801542E-02,  1.0403512676263085E+00,0,1,1
264,  5.4108216432865675E-02,  1.1801512812814345E+00,0,1,1
265,  5.8116232464929807E-02,  1.1413178814845113E+00,0,1,1
266,  6.2124248496993939E-02,  1.1337062686492707E+00,0,1,1
267,  6.6132264529058071E-02,  1.0633809333222826E+00,0,1,1
268,  7.0140280561122204E-02,  1.2548772007957762E+00,0,1,1
269,  7.4148296593186336E-02,  1.2130330706189736E+00,0,1,1
270,  7.8156312625250468E-02,  1.1249579978083204E+00,0,1,1
271,  8.2164328657314600E-02,  1.2587475957798859E+00,0,1,1
272,  8.6172344689378733E-02,  1.1482816166401486E+00,0,1,1
273,  9.0180360721442865E-02,  1.1350890235959041E+00,0,1,1
274,  9.4188376753506997E-02,  1.1465120303721383E+00,0,1,1
275,  9.8196392785571129E-02,  1.0753193491580713E+00,1,1,1
276,  1.0220440881763526E-01,  1.2645229786916108E+00,0,1,1
277,  1.0621242484969939E-01,  1.0901815834452815E+00,0,1,1
278,  1.1022044088176353E-01,  1.1483507177145504E+00,1,1,1
279,  1.1422845691382766E-01,  1.0906123385965596E+00,0,1,1
280,  1.1823647294589179E-01,  1.2598877083117630E+00,0,1,1
281,  1.2224448897795592E-01,  1.2649429505209491E+00,0,1,1
282,  1.2625250501002006E-01,  1.2611102482117131E+00,0,1,1
283,  1.3026052104208397E-01,  1.2141998023265195E+00,0,1,1
284,  1.3426853707414810E-01,  1.2142707706767684E+00,0,1,1
285,  1.3827655310621223E-01,  1.3557265645711043E+00,0,1,1
286,  1.4228456913827636E-01,  1.2851450534375832E+00,1,1,1
287,  1.4629258517034049E-01,  1.3651955160466769E+00,0,1,1
288,  1.5030060120240463E-01,  1.2798506950456350E+00,0,1,1
289,  1.5430861723446876E-01,  1.3760261391632989E+00,0,1,1
290,  1.5831663326653289E-01,  1.4767613812360629E+00,0,1,1
291,  1.6232464929859702E-01,  1.4304386136251379E+00,1,1,1
292,  1.6633266533066116E-01,  1.3616873581107694E+00,0,1,1
293,  1.7034068136272529E-01,  1.4264811133126591E+00,0,1,1
294,  1.7434869739478942E-01,  1.3979670532484825E+00,0,1,1
295,  1.7835671342685355E-01,  1.4292568199976519E+00,0,1,1
296,  1.8236472945891768E-01,  1.4140754584713393E+00,0,1,1
297,  1.8637274549098182E-01,  1.4385680018277831E+00,0,1,1
298,  1.9038076152304595E-01,  1.4803660452047092E+00,0,1,1
299,  1.9438877755511008E-01,  1.3957076734217595E+00,0,1,1
300,  1.9839679358717421E-01,  1.4057786462349897E+00,0,1,1
301,  2.0240480961923835E-01,  1.3879336845678165E+00,0,1,1
302,  2.0641282565130248E-01,  1.3830598595063073E+00,0,1,1
303,  2.1042084168336661E-01,  1.4258604892207396E+00,0,1,1
304,  2.1442885771543074E-01,  1.5482595410805045E+00,1,2,1
304,  2.1442885771543074E-01,  1.5482595410805045E+00,1,2,2
305,  2.1843687374749488E-01,  1.4764376421966163E+00,0,2,1
305,  2.1843687374749488E-01,  1.4764376421966163E+00,0,2,2
306,  2.2244488977955901E-01,  1.6014073645322726E+00,0,1,2
307,  2.2645290581162314E-01,  1.5756531327969419E+00,0,1,2
308,  2.3046092184368727E-01,  1.4280545897994050E+00,1,1,1
309,  2.3446893787575140E-01,  1.6506937494886531E+00,0,2,2
309,  2.3446893787575140E-01,  1.6506937494886531E+00,0,2,3
310,  2.3847695390781554E-01,  1.6760230721441107E+00,0,1,3
311,  2.4248496993987967E-01,  1.5446171726951872E+00,0,2,1
311,  2.4248496993987967E-01,  1.5446171726951872E+00,0,2,2
312,  2.4649298597194380E-01,  1.6708128779605176E+00,0,1,3
313,  2.5050100200400793E-01,  1.5818542649732430E+00,0,1,2
314,  2.5450901803607207E-01,  1.6714703718213495E+00,1,1,3
315,  2.5851703406813620E-01,  1.5758863886217154E+00,0,1,2
316,  2.6252505010020033E-01,  1.5470950266249848E+00,0,1,2
317,  2.6653306613226446E-01,  1.6735240787577277E+00,0,1,3
318,  2.7054108216432859E-01,  1.7079665530497508E+00,0,2,3
318,  2.7054108216432859E-01,  1.7079665530497508E+00,0,2,4
319,  2.7454909819639273E-01,  1.6998762931264757E+00,0,2,3
319,  2.7454909819639273E-01,  1.6998762931264757E+00,0,2,4
320,  2.7855711422845686E-01,  1.6509052972666796E+00,0,1,3
321,  2.8256513026052099E-01,  1.7276850592638777E+00,0,2,3
321,  2.8256513026052099E-01,  1.7276850592638777E+00,0,2,4
322,  2.8657314629258512E-01,  1.7953828785155226E+00,0,2,4
322,  2.8657314629258512E-01,  1.7953828785155226E+00,0,2,5
323,  2.9058116232464926E-01,  1.7845241517681985E+00,0,2,4
323,  2.9058116232464926E-01,  1.7845241517681985E+00,0,2,5
324,  2.9458917835671339E-01,  1.8171068716426915E+00,0,2,4
324,  2.9458917835671339E-01,  1.8171068716426915E+00,0,2,5
325,  2.9859719438877752E-01,  1.7634045920596453E+00,1,1,4
326,  3.0260521042084165E-01,  1.9253750162381515E+00,1,1,5
327,  3.0661322645290578E-01,  1.7522851868465734E+00,0,1,4
328,  3.1062124248496992E-01,  1.9002439912375790E+00,0,1,5
329,  3.1462925851703405E-01,  1.9707701664647341E+00,0,2,5
329,  3.1462925851703405E-01,  1.9707701664647341E+00,0,2,6
330,  3.1863727454909818E-01,  1.9297917984157902E+00,0,2,5
330,  3.1863727454909818E-01,  1.9297917984157902E+00,0,2,6
331,  3.2264529058116231E-01,  1.8903390155091786E+00,0,1,5
332,  3.2665330661322645E-01,  1.8796215014394695E+00,0,1,5
333,  3.3066132264529058E-01,  2.0202400835551835E+00,0,1,6
334,  3.3466933867735449E-01,  1.8391073724669498E+00,0,2,4
334,  3.3466933867735449E-01,  1.8391073724669498E+00,0,2,5
335,  3.3867735470941862E-01,  1.8910532113072209E+00,0,1,5
336,  3.4268537074148275E-01,  1.9527028171608170E+00,0,2,5
336,  3.4268537074148275E-01,  1.9527028171608170E+00,0,2,6
337,  3.4669338677354689E-01,  2.0994915439846409E+00,0,2,6
337,  3.4669338677354689E-01,  2.0994915439846409E+00,0,2,7
338,  3.5070140280561102E-01,  2.0469610042735393E+00,0,1,6
339,  3.5470941883767515E-01,  1.9553658623011225E+00,0,2,5
339,  3.5470941883767515E-01,  1.9553658623011225E+00,0,2,6
340,  3.5871743486973928E-01,  2.0243454586163505E+00,1,1,6
341,  3.6272545090180341E-01,  2.0165164493400267E+00,0,1,6
342,  3.6673346693386755E-01,  2.0255041408078598E+00,0,1,6
343,  3.7074148296593168E-01,  2.1773571859600289E+00,0,1,7
344,  3.7474949899799581E-01,  2.0062002106631072E+00,0,1,6
345,  3.7875751503005994E-01,  2.2616717333679315E+00,0,1,7
346,  3.8276553106212408E-01,  2.2163943024784394E+00,0,1,7
347,  3.8677354709418821E-01,  2.2547096847961301E+00,0,1,7
348,  3.9078156312625234E-01,  2.1478496875576982E+00,0,1,7
349,  3.9478957915831647E-01,  2.1904740827603502E+00,1,1,7
350,  3.9879759519038060E-01,  2.1055432112154322E+00,0,1,7
351,  4.0280561122244474E-01,  2.1960910432492047E+00,0,1,7
352,  4.0681362725450887E-01,  2.2955689145993232E+00,0,1,7
353,  4.1082164328657300E-01,  2.3779190316705772E+00,0,1,7
354,  4.1482965931863713E-01,  2.2039650370369106E+00,0,1,7
355,  4.1883767535070127E-01,  2.2817480149244083E+00,0,1,7
356,  4.2284569138276540E-01,  2.3174839572179025E+00,0,1,7
357,  4.2685370741482953E-01,  2.2366738562096176E+00,0,1,7
358,  4.3086172344689366E-01,  2.4145449266323395E+00,0,1,7
359,  4.3486973947895780E-01,  2.3283698674761797E+00,1,1,7
360,  4.3887775551102193E-01,  2.3898633086960119E+00,0,1,7
361,  4.4288577154308606E-01,  2.3886985999488024E+00,0,1,7
362,  4.4689378757515019E-01,  2.3812232963113100E+00,0,1,7
363,  4.5090180360721432E-01,  2.4634796731838509E+00,0,1,7
364,  4.5490981963927846E-01,  2.4666257333000203E+00,1,1,7
365,  4.5891783567134259E-01,  2.4741167031735443E+00,0,1,7
366,  4.6292585170340672E-01,  2.4657401293523065E+00,0,1,7
367,  4.6693386773547085E-01,  2.5698929441325027E+00,0,1,8
368,  4.7094188376753499E-01,  2.6970977546979391E+00,0,1,8
369,  4.7494989979959912E-01,  2.5966415617787404E+00,0,1,8
370,  4.7895791583166325E-01,  2.6859483838707576E+00,0,1,8
371,  4.8296593186372738E-01,  2.5160169868691553E+00,0,2,7
371,  4.8296593186372738E-01,  2.5160169868691553E+00,0,2,8
372,  4.8697394789579151E-01,  2.6610002887510937E+00,0,1,8
373,  4.9098196392785565E-01,  2.5819047180317409E+00,0,1,8
374,  4.9498997995991978E-01,  2.5730265461325565E+00,0,1,8
375,  4.9899799599198391E-01,  2.6536901120191971E+00,1,1,8
376,  5.0300601202404804E-01,  2.8300253749080482E+00,1,1,8
377,  5.0701402805611218E-01,  2.8326840202101629E+00,0,1,8
378,  5.1102204408817631E-01,  2.7983095939209139E+00,0,1,8
379,  5.1503006012024044E-01,  2.6786181957217177E+00,0,1,8
380,  5.1903807615230457E-01,  2.8080768119865298E+00,0,1,8
381,  5.2304609218436870E-01,  2.8706417363008110E+00,0,1,8
382,  5.2705410821643284E-01,  2.8834580136899959E+00,0,1,8
383,  5.3106212424849697E-01,  2.7450053887148402E+00,0,1,8
384,  5.3507014028056110E-01,  2.8445630718942350E+00,0,1,8
385,  5.3907815631262501E-01,  2.9341292631008620E+00,0,1,8
386,  5.4308617234468914E-01,  3.0058146095661824E+00,0,1,8
387,  5.4709418837675328E-01,  2.8110673518207903E+00,0,1,8
388,  5.5110220440881741E-01,  2.9978258205969173E+00,1,1,8
389,  5.5511022044088154E-01,  3.0464712663975466E+00,0,1,8
390,  5.5911823647294567E-01,  3.1274229721602249E+00,0,1,8
391,  5.6312625250500981E-01,  3.1395058597753192E+00,0,1,8
392,  5.6713426853707394E-01,  3.1555043724024632E+00,0,1,8
393,  5.7114228456913807E-01,  3.0699246090795014E+00,0,1,8
394,  5.7515030060120220E-01,  3.0065022380091451E+00,0,1,8
395,  5.7915831663326633E-01,  3.1531237451517824E+00,0,1,8
396,  5.8316633266533047E-01,  3.2903286996182972E+00,0,1,8
397,  5.8717434869739460E-01,  3.3475109817576256E+00,0,1,8
398,  5.9118236472945873E-01,  3.3189229519394354E+00,0,1,8
399,  5.9519038076152286E-01,  3.3226803055638281E+00,0,1,8
400,  5.9919839679358700E-01,  3.3451695263860812E+00,0,1,8
401,  6.0320641282565113E-01,  3.2969871689260448E+00,1,1,8
402,  6.0721442885771526E-01,  3.3579648729819880E+00,0,1,8
403,  6.1122244488977939E-01,  3.5290047280477772E+00,1,1,8
404,  6.1523046092184352E-01,  3.3474021787260133E+00,0,1,8
405,  6.1923847695390766E-01,  3.5795367153422757E+00,0,1,8
406,  6.2324649298597179E-01,  3.4523614624394985E+00,0,1,8
407,  6.2725450901803592E-01,  3.6121510804323509E+00,0,1,8
408,  6.3126252505010005E-01,  3.4217894007796743E+00,0,1,8
409,  6.3527054108216419E-01,  3.6096521336092522E+00,0,1,8
410,  6.3927855711422832E-01,  3.5325123165649481E+00,0,1,8
411,  6.4328657314629245E-01,  3.5071374584764143E+00,0,1,8
412,  6.4729458917835658E-01,  3.6669790974235990E+00,0,1,8
413,  6.5130260521042072E-01,  3.7596261634238037E+00,0,1,8
414,  6.5531062124248485E-01,  3.6408815450220104E+00,0,1,8
415,  6.5931863727454898E-01,  3.6184023190670360E+00,0,1,8
416,  6.6332665330661311E-01,  3.7610629644370928E+00,0,1,8
417,  6.6733466933867724E-01,  3.7917448161484173E+00,1,1,8
418,  6.7134268537074138E-01,  3.8731784055684160E+00,0,1,8
419,  6.7535070140280551E-01,  3.9360996545785865E+00,0,1,8
420,  6.7935871743486964E-01,  3.8864461688211969E+00,0,1,8
421,  6.8336673346693377E-01,  4.0709569802029897E+00,0,1,8
422,  6.8737474949899791E-01,  3.9720248758829637E+00,0,1,8
423,  6.9138276553106204E-01,  3.9581954353018580E+00,0,1,8
424,  6.9539078156312617E-01,  3.8890637495616964E+00,0,1,8
425,  6.9939879759519030E-01,  4.0293141435587811E+00,0,1,8
426,  7.0340681362725443E-01,  4.0560139787635521E+00,0,1,8
427,  7.0741482965931857E-01,  4.1926097042848296E+00,0,1,8
428,  7.1142284569138270E-01,  4.1859088651806147E+00,0,1,8
429,  7.1543086172344683E-01,  4.0879520971922645E+00,1,1,8
430,  7.1943887775551096E-01,  4.2297421721363380E+00,0,1,8
431,  7.2344689378757510E-01,  4.3036154148022812E+00,0,1,8
432,  7.2745490981963923E-01,  4.4063396155099621E+00,0,1,8
433,  7.3146292585170336E-01,  4.3895768935637776E+00,0,1,8
434,  7.3547094188376749E-01,  4.4142012771952288E+00,0,1,8
435,  7.3947895791583163E-01,  4.3931771257496273E+00,0,1,8
436,  7.4348697394789576E-01,  4.4547538919521532E+00,0,1,8
437,  7.4749498997995967E-01,  4.5592522623971856E+00,0,1,8
438,  7.5150300601202380E-01,  4.3885591585913986E+00,1,1,8
439,  7.5551102204408793E-01,  4.5034045316425644E+00,0,1,8
440,  7.5951903807615206E-01,  4.5060236774455618E+00,0,1,8
441,  7.6352705410821620E-01,  4.6349244418910738E+00,0,1,8
442,  7.6753507014028033E-01,  4.7400688592980043E+00,1,1,8
443,  7.7154308617234446E-01,  4.6312502942647571E+00,0,1,8
444,  7.7555110220440859E-01,  4.5254416993277102E+00,0,1,8
445,  7.7955911823647273E-01,  4.7216492799947440E+00,0,1,8
446,  7.8356713426853686E-01,  4.8659712476354411E+00,0,1,8
447,  7.8757515030060099E-01,  4.8744781282823366E+00,0,1,8
448,  7.9158316633266512E-01,  4.9046074790172289E+00,0,1,8
449,  7.9559118236472925E-01,  4.8871509129900028E+00,0,1,8
450,  7.9959919839679339E-01,  4.8467411897288759E+00,0,1,8
451,  8.0360721442885752E-01,  5.0301184783906283E+00,1,1,8
452,  8.0761523046092165E-01,  4.9623042438831915E+00,0,1,8
453,  8.1162324649298578E-01,  5.2442495354151610E+00,0,1,8
454,  8.1563126252504992E-01,  5.1559631343125361E+00,0,1,8
455,  8.1963927855711405E-01,  5.1049998289191434E+00,0,1,8
456,  8.2364729458917818E-01,  5.1440010262310425E+00,0,1,8
457,  8.2765531062124231E-01,  5.2272701439208848E+00,0,1,8
458,  8.3166332665330645E-01,  5.2576757281964248E+00,0,1,8
459,  8.3567134268537058E-01,  5.4086518597542748E+00,0,1,8
460,  8.3967935871743471E-01,  5.3770295302437345E+00,1,1,8
461,  8.4368737474949884E-01,  5.3467413306188671E+00,0,1,8
462,  8.4769539078156297E-01,  5.6000100847827969E+00,0,1,8
463,  8.5170340681362711E-01,  5.4965725792768643E+00,0,1,8
464,  8.5571142284569124E-01,  5.5983411100363414E+00,0,1,8
465,  8.5971943887775537E-01,  5.5327376195369826E+00,0,1,8
466,  8.6372745490981950E-01,  5.6553654389089472E+00,0,1,8
467,  8.6773547094188364E-01,  5.6964869673791387E+00,0,1,8
468,  8.7174348697394777E-01,  5.5660726446490845E+00,0,1,8
469,  8.7575150300601190E-01,  5.9244803904207313E+00,0,1,8
470,  8.7975951903807603E-01,  5.9128940623763837E+00,0,1,8
471,  8.8376753507014016E-01,  5.8246243149911390E+00,0,1,8
472,  8.8777555110220430E-01,  5.8153521111859519E+00,1,1,8
473,  8.9178356713426843E-01,  5.9788517137044304E+00,0,1,8
474,  8.9579158316633256E-01,  6.0058780918234653E+00,0,1,8
475,  8.9979959919839669E-01,  6.0756767577440280E+00,0,1,8
476,  9.0380761523046083E-01,  6.1112189766571854E+00,0,1,8
477,  9.0781563126252496E-01,  6.1854533116872377E+00,1,1,8
478,  9.1182364729458909E-01,  6.3101945930878154E+00,0,1,8
479,  9.1583166332665322E-01,  6.2897125330596291E+00,0,1,8
480,  9.1983967935871735E-01,  6.2105472146517018E+00,0,1,8
481,  9.2384769539078149E-01,  6.4541845283644994E+00,0,1,8
482,  9.2785571142284562E-01,  6.5274962337328990E+00,0,1,8
483,  9.3186372745490975E-01,  6.6998901802990396E+00,0,1,8
484,  9.3587174348697388E-01,  6.4097390040055791E+00,0,1,8
485,  9.3987975951903802E-01,  6.5713596195729220E+00,1,1,8
486,  9.4388777555110215E-01,  6.4380927021752310E+00,0,1,8
487,  9.4789579158316628E-01,  6.7020684672800099E+00,0,1,8
488,  9.5190380761523019E-01,  6.6675442593325931E+00,0,1,8
489,  9.5591182364729432E-01,  6.9192909504021749E+00,1,1,8
490,  9.5991983967935846E-01,  6.7578958189071692E+00,0,1,8
491,  9.6392785571142259E-01,  6.7396183280084792E+00,0,1,8
492,  9.6793587174348672E-01,  6.8923815781131497E+00,0,1,8
493,  9.7194388777555085E-01,  6.8278186691090124E+00,0,1,8
494,  9.7595190380761498E-01,  7.1021695516589451E+00,0,1,8
495,  9.7995991983967912E-01,  6.9335513599306253E+00,0,1,8
496,  9.8396793587174325E-01,  7.1581671641617861E+00,0,1,8
497,  9.8797595190380738E-01,  7.0472579829909163E+00,0,1,8
498,  9.9198396793587151E-01,  7.2459149927245878E+00,0,1,8
499,  9.9599198396793565E-01,  7.4615322061596707E+00,0,1,8
500,  1.0000000000000000E+00,  7.4179079302455140E+00,1,1,8
