vector_index,x,y_original,cluster_id,max_posterior,posterior_component_1,posterior_component_2,posterior_component_3,posterior_component_4,posterior_component_5,posterior_component_6,posterior_component_7,posterior_component_8
1,-1.0,-7.054014261997951,4,1.0,7.11163329637551e-223,2.3199031430439962e-107,0.0,1.0,0.0,9.07980725404081e-19,0.0,0.0
2,-0.995991983967936,-6.943649862265173,4,0.9999999999999977,7.463809502385188e-209,3.0224735000146276e-98,0.0,0.9999999999999977,0.0,2.3123147514486877e-15,0.0,0.0
3,-0.9919839679358716,-6.928018583033245,4,0.9999999999999999,2.2752160530823047e-208,6.973506442513824e-100,0.0,0.9999999999999999,0.0,6.842307911687923e-17,0.0,0.0
4,-0.9879759519038076,-6.822245239354084,4,0.9999999999999347,1.0307731483052423e-195,1.3140786211205975e-91,0.0,0.9999999999999347,0.0,6.525647275108153e-14,0.0,0.0
5,-0.9839679358717436,-6.882525979600386,4,1.0,4.122315250926859e-205,2.8891310974709873e-101,0.0,1.0,0.0,4.1575796191336517e-19,0.0,0.0
6,-0.9799599198396792,-6.647845415293794,4,0.9999999996903197,1.0913878262219231e-176,1.0422947426618805e-79,0.0,0.9999999996903197,0.0,3.0968030747648164e-10,0.0,0.0
7,-0.9759519038076152,-6.599126650619635,4,0.9999999996164353,2.3585577332223276e-172,6.468225493849465e-78,0.0,0.9999999996164353,0.0,3.835647706292143e-10,0.0,0.0
8,-0.9719438877755512,-6.599344881771498,4,0.9999999999952172,8.526375226423468e-174,5.440195493736546e-81,0.0,0.9999999999952172,0.0,4.782785386380574e-12,0.0,0.0
9,-0.9679358717434868,-6.4164318210683415,4,0.9999990582665934,1.931675586338018e-154,4.1721448092550014e-66,0.0,0.9999990582665934,0.0,9.417334066176301e-07,0.0,0.0
10,-0.9639278557114228,-6.329796982156175,4,0.999980805928217,1.2375954807133058e-146,6.0724786617877136e-61,0.0,0.999980805928217,0.0,1.919407178297364e-05,0.0,0.0
11,-0.9599198396793588,-6.469474391052671,4,0.9999999999960202,1.1044420704119019e-162,7.071595043599367e-77,0.0,0.9999999999960202,0.0,3.9798051636843916e-12,0.0,0.0
12,-0.9559118236472944,-6.338388937785801,4,0.9999999925515803,4.019368942163465e-150,1.778832477723357e-67,0.0,0.9999999925515803,0.0,7.448419658057367e-09,0.0,0.0
13,-0.9519038076152304,-6.275836496688352,4,0.9999999683938672,5.585302350080193e-145,1.5834289618761574e-64,0.0,0.9999999683938672,0.0,3.16061327802535e-08,0.0,0.0
14,-0.9478957915831664,-6.2268627643534655,4,0.9999999533064766,2.7818548138782606e-141,8.176973767166482e-63,0.0,0.9999999533064766,0.0,4.669352339450459e-08,0.0,0.0
15,-0.9438877755511024,-6.023107645571145,4,0.9985443364344239,4.035182727234123e-124,3.544087751977794e-48,0.0,0.9985443364344239,0.0,0.0014556635655761203,1.995534892085864e-294,0.0
16,-0.939879759519038,-6.043195004536986,4,0.9999699352921564,7.144775760843536e-127,2.1396467245140235e-52,0.0,0.9999699352921564,0.0,3.0064707843487335e-05,3.909814405785452e-303,0.0
17,-0.935871743486974,-5.987499999845051,4,0.9999414040998357,3.401802045747533e-123,2.3902150749580904e-50,0.0,0.9999414040998357,0.0,5.859590016440317e-05,1.3250370481476224e-294,0.0
18,-0.93186372745491,-6.065722774140357,4,0.9999999696744108,4.995339637286329e-130,9.611607746999396e-59,0.0,0.9999999696744108,0.0,3.0325589147954065e-08,9.58549156e-316,0.0
19,-0.9278557114228456,-5.794078843108285,4,0.9895247666695457,2.107879770868059e-110,3.030958029797016e-40,0.0,0.9895247666695457,0.0,0.01047523333045426,2.443305240344955e-260,0.0
20,-0.9238476953907816,-5.8839734404871065,4,0.9999841937392185,2.4906622638507208e-117,4.6521990388759255e-49,0.0,0.9999841937392185,0.0,1.5806260781460375e-05,3.3531196208216373e-283,0.0
21,-0.9198396793587176,-5.720379079434943,4,0.9946505485739177,5.823058004993982e-107,2.2075563928120662e-39,0.0,0.9946505485739177,0.0,0.0053494514260823845,1.847577205806523e-252,0.0
22,-0.9158316633266532,-5.643743348107641,4,0.9812881497702057,7.137174037526039e-103,3.472443157892827e-36,0.0,0.9812881497702057,0.0,0.01871185022979432,1.9396451122973724e-240,0.0
23,-0.9118236472945892,-5.498257975842892,4,0.7390530279608765,1.694355920638463e-95,9.582961679103467e-29,0.0,0.7390530279608765,0.0,0.26094697203912354,2.9486012745809324e-215,0.0
24,-0.9078156312625252,-5.653409257629852,4,0.9993800950997905,4.2910891680552735e-104,1.3918591738817899e-40,0.0,0.9993800950997905,0.0,0.0006199049002095412,3.886003758790206e-249,0.0
25,-0.9038076152304608,-5.732271816927994,4,0.9999969007889435,3.1312193753173915e-108,3.3403849628866788e-47,0.0,0.9999969007889435,0.0,3.099211056614774e-06,1.0124317304043572e-267,0.0
26,-0.8997995991983968,-5.4184228109627135,4,0.9013606416442947,5.164730242773487e-93,1.7456202022386742e-29,0.0,0.9013606416442947,0.0,0.09863935835570525,2.5414016487214894e-210,0.0
27,-0.8957915831663327,-5.231920976168515,4,0.532441652238624,3.838926447719929e-86,9.128242771991828e-21,0.0,0.532441652238624,0.0,0.46755834776137595,1.1769302294621426e-179,0.0
28,-0.8917835671342685,-5.220086879413305,4,0.5927343373376013,4.440864312802064e-86,7.572663573379472e-22,0.0,0.5927343373376013,0.0,0.4072656626623988,7.579174068996381e-181,0.0
29,-0.8877755511022044,-5.246078626945283,4,0.7227600193287969,5.283422042920731e-87,9.606515093449019e-25,0.0,0.7227600193287969,0.0,0.27723998067120315,1.781520965146408e-188,0.0
30,-0.8837675350701403,-5.246237597843338,4,0.783799202136684,7.137942363922077e-87,4.098703369335597e-26,0.0,0.783799202136684,0.0,0.21620079786331606,2.3920496004296664e-191,0.0
31,-0.8797595190380761,-5.086797203141053,4,0.5083529536224728,9.237027979575773e-83,9.644265222452641e-20,0.0,0.5083529536224728,0.0,0.49164704637752715,3.3838166924565996e-167,0.0
32,-0.875751503006012,-5.1741144545284135,4,0.6582945831149841,2.200585460921892e-84,5.022621127010235e-25,0.0,0.6582945831149841,0.0,0.34170541688501604,2.1353440861916075e-184,0.0
33,-0.8717434869739479,-5.003387779231344,6,0.6142869901839925,6.029440958177226e-81,1.361352987414262e-18,0.0,0.3857130098160075,0.0,0.6142869901839925,3.184014341558013e-159,0.0
34,-0.8677354709418837,-4.946724779569075,6,0.6779450483239355,6.486970093633791e-80,2.2533416238758936e-17,0.0,0.32205495167606435,0.0,0.6779450483239355,6.223366334159791e-153,0.0
35,-0.8637274549098196,-4.848410395266853,6,0.6412116071228743,1.4282946627035165e-78,2.013059363384093e-14,0.0,0.3587883928771056,0.0,0.6412116071228743,2.7357405691282655e-140,0.0
36,-0.8597194388777555,-4.65891643910704,4,0.90768463479997,2.9872687170272815e-77,4.889167196173066e-08,6.117323219387907e-299,0.90768463479997,0.0,0.09231531630835813,1.7523896124681548e-114,0.0
37,-0.8557114228456915,-4.795153732734607,6,0.8537526963818218,9.054116631991935e-78,1.0327194973766156e-14,0.0,0.14624730361816782,0.0,0.8537526963818218,1.3713234602605123e-137,0.0
38,-0.8517034068136273,-4.814516036337321,6,0.9515509344440468,1.8133901830237673e-77,1.4015961504405674e-16,0.0,0.04844906555595305,0.0,0.9515509344440468,5.116253277527089e-143,0.0
39,-0.8476953907815632,-4.723489450457737,6,0.9547324687089042,6.742282248332326e-77,3.2857352093916436e-14,1.765993e-318,0.045267531291063035,0.0,0.9547324687089042,4.014954259050527e-132,0.0
40,-0.8436873747494991,-4.81100521485202,6,0.9933859175888136,4.5148990171564324e-76,3.3171056791334353e-18,0.0,0.006614082411186386,0.0,0.9933859175888136,5.575266540673501e-147,0.0
41,-0.8396793587174349,-4.673481362450396,6,0.9932674976722335,5.01253691896934e-76,1.92523757092424e-14,1.7836772402294e-311,0.006732502327747152,0.0,0.9932674976722335,8.797742503126157e-130,0.0
42,-0.8356713426853708,-4.599460063785583,6,0.9947648113001947,6.217954332542401e-76,7.462972552107021e-13,3.297466623387431e-298,0.005235188699059093,0.0,0.9947648113001947,8.685056548923022e-122,0.0
43,-0.8316633266533067,-4.557844139362461,6,0.9977626867266659,1.0062871132560879e-75,2.1094040828923493e-12,1.5334965071588928e-291,0.0022373132712248008,0.0,0.9977626867266659,2.149912929674693e-118,0.0
44,-0.8276553106212425,-4.453313173321061,6,0.9952592106806104,2.3141042447023472e-76,6.845454164309143e-10,1.0319534261233275e-272,0.0047407886348442155,0.0,0.9952592106806104,1.228646333946066e-106,0.0
45,-0.8236472945891784,-4.4812630047423205,6,0.9997134042266607,2.311504516893056e-75,1.0308614955343216e-11,1.0971097519140759e-279,0.00028659576303075463,0.0,0.9997134042266607,1.3195090379322342e-112,0.0
46,-0.8196392785571143,-4.276136610092705,6,0.9731512566977377,3.9684311364407565e-78,4.457201579374218e-06,3.9262692075905484e-242,0.026844286100682856,0.0,0.9731512566977377,3.257997289090459e-88,0.0
47,-0.8156312625250501,-4.316532412618072,6,0.9995588925745245,5.462901052118878e-77,1.8932215296004656e-08,1.1621665249950928e-251,0.0004410884932601851,0.0,0.9995588925745245,7.869737257950776e-96,0.0
48,-0.811623246492986,-4.26840163358844,6,0.9997997847680402,2.0826486137921097e-77,6.39760447927799e-08,2.311162625172148e-244,0.0002001512559150503,0.0,0.9997997847680402,4.840201093748114e-92,0.0
49,-0.8076152304609219,-4.245374985804179,6,0.9999674028666503,2.8343926889041063e-77,4.1145142199065615e-08,9.966868171934176e-242,3.255598820754958e-05,0.0,0.9999674028666503,2.239172833946856e-91,0.0
50,-0.8036072144288577,-4.158589579607205,6,0.9999315581653596,6.847281732291342e-79,1.5196783538169505e-06,1.1816316463727592e-227,6.692215628670215e-05,0.0,0.9999315581653596,4.449811340721107e-83,0.0
51,-0.7995991983967936,-4.057232478969286,6,0.9994772092398573,3.3663502109247134e-81,0.00013022400810993378,3.06714558668516e-211,0.00039256675203283787,0.0,0.9994772092398573,2.610034619861503e-73,0.0
52,-0.7955911823647295,-4.145218797967353,6,0.9999996068745896,1.273586451993242e-77,1.1736353909538637e-07,3.2163577176146335e-228,2.7576187126424764e-07,0.0,0.9999996068745896,1.5978081688430334e-85,0.0
53,-0.7915831663326653,-4.081476729892308,6,0.99999898685329,6.951005220897847e-79,8.371209261774877e-07,1.251874861358956e-218,1.7602578371291732e-07,0.0,0.99999898685329,3.2256129320774607e-80,0.0
54,-0.7875751503006012,-4.006473967359263,6,0.99999022197024,9.337506602152e-81,9.570031731131616e-06,2.4691115377437875e-207,2.0799802877584648e-07,0.0,0.99999022197024,7.69080495367332e-74,0.0
55,-0.7835671342685371,-4.043561932207876,6,0.9999994578227187,4.2738838743195954e-78,5.409966866194697e-07,1.1740609447745908e-214,1.1805947206575566e-09,0.0,0.9999994578227187,1.6628173440501834e-79,0.0
56,-0.779559118236473,-3.955515614109688,6,0.9999912306249525,9.257140091379322e-81,8.767298571672148e-06,1.6061763259244067e-201,2.076475786115777e-09,0.0,0.9999912306249525,5.89392144111761e-72,0.0
57,-0.7755511022044088,-3.882520190693563,6,0.9999330384572759,5.58049494281429e-83,6.69593715714505e-05,4.769116482742337e-191,2.1711526765863673e-09,0.0,0.9999330384572759,3.5653068228953753e-66,0.0
58,-0.7715430861723447,-3.729282185054081,6,0.9833919392599165,2.4940018093551467e-89,0.01660763350100401,4.471744838742712e-168,4.272390794490525e-07,2.03885507e-316,0.9833919392599165,1.3076824670953219e-52,0.0
59,-0.7675350701402806,-3.7334009298621527,6,0.996845746564097,3.30470764526413e-88,0.003154248971313772,2.840697297945393e-170,4.464589231405387e-09,1.91364e-318,0.996845746564097,7.02769195534505e-55,0.0
60,-0.7635270541082164,-3.6944513326612216,6,0.9955906331935019,3.246992019144865e-89,0.004409366084563791,1.1261240236421611e-165,7.219342273925821e-10,4.8176861529954e-311,0.9955906331935019,6.888826172762848e-53,0.0
61,-0.7595190380761523,-3.59775800544963,6,0.9480435735614982,1.4672046060968533e-93,0.05195642033499254,1.8481064733479865e-152,6.103509296201918e-09,1.4769731572775153e-291,0.9480435735614982,1.225270088670575e-45,0.0
62,-0.7555110220440882,-3.6330679845586,6,0.9947297820588894,2.3811846011129093e-90,0.005270217936147397,4.639051373394155e-159,4.963161833981518e-12,6.89696848608194e-300,0.9947297820588894,1.8602461337575265e-50,0.0
63,-0.751503006012024,-3.5474449895140663,6,0.9692113007152984,2.2519553676728623e-94,0.030788699267573157,7.105745496136362e-148,1.7128417993916366e-11,3.5395808274617293e-283,0.9692113007152984,1.7056715880962512e-44,0.0
64,-0.7474949899799599,-3.543897845469869,6,0.9840458404574915,2.7116987280547036e-93,0.015954159542342073,1.4193416376104933e-148,1.6646658487245141e-13,2.788857400437639e-283,0.9840458404574915,1.1751271366327347e-45,0.0
65,-0.7434869739478958,-3.471721491462366,6,0.949969197753869,9.018182578319608e-97,0.05003080224591565,1.1550780291332897e-139,2.1527319510974048e-13,9.97952600045361e-270,0.949969197753869,4.040720691118557e-41,0.0
66,-0.7394789579158316,-3.4972324474015184,6,0.9796896840363034,1.8436450328632956e-93,0.020310315963696406,3.853826010018439e-144,2.045391851573354e-16,2.502167371187335e-275,0.9796896840363034,2.1223477382955876e-44,0.0
67,-0.7354709418837675,-3.6037277587791614,6,0.9885301049462081,1.7467475943422152e-83,0.011469895053791658,1.9256403939431053e-158,1.5364832391711788e-21,1.8565619690274044e-295,0.9885301049462081,3.1702871949565953e-53,0.0
68,-0.7314629258517034,-3.377723161109621,6,0.9128336756864438,4.120337494487016e-99,0.08716632431355617,3.0030459802764762e-130,3.68325952497415e-17,9.34757134898405e-254,0.9128336756864438,1.1359010579985365e-37,0.0
69,-0.7274549098196392,-3.211865684704617,2,0.5035533834608629,9.919684023143319e-111,0.5035533834608629,3.614220850365782e-110,9.426143383674775e-14,7.910035106344266e-224,0.49644661653904276,3.690163069650508e-27,0.0
70,-0.7234468937875751,-3.21063773105842,6,0.6411387079754294,2.3654323172188304e-109,0.3588612920245702,3.5180440645724445e-111,3.6650663219754154e-16,1.8117654124636549e-224,0.6411387079754294,2.5395631469496977e-28,0.0
71,-0.719438877755511,-3.16689576704984,6,0.5968053076073994,1.725975462085446e-111,0.40319469239260064,6.553383836977358e-107,4.508574024700429e-17,2.0025906928044646e-217,0.5968053076073994,1.2951613857260214e-26,0.0
72,-0.7154308617234469,-3.1049713403332877,6,0.5124771260170139,2.69949203701172e-115,0.4875228739829861,1.4561413787630184e-100,2.7104797109528204e-17,2.5766006139886338e-207,0.5124771260170139,7.906861888972348e-24,0.0
73,-0.7114228456913828,-3.1568435074897976,6,0.5752076050027317,6.008670670968567e-109,0.4247923949972683,1.416058781215933e-107,5.307516294624274e-22,6.226144009343539e-217,0.5752076050027317,5.028418069743888e-28,0.0
74,-0.7074148296593187,-3.1085637140384828,2,0.5070409475243002,1.5725722108269602e-111,0.5070409475243002,7.302989231870737e-103,6.62223621654557e-23,3.0150632087247245e-209,0.4929590524756998,4.684184840266217e-26,0.0
75,-0.7034068136272545,-3.134510972052199,2,0.7126734326386025,3.50422291549396e-107,0.7126734326386025,1.795894048226132e-106,7.504104286365052e-27,5.452338456532065e-214,0.28732656736139756,2.224031692473109e-28,0.0
76,-0.6993987975951904,-3.0714699473554505,2,0.7583067017540237,3.1092732153561e-111,0.7583067017540237,3.0658561367479854e-100,2.6344788209496093e-27,5.181177313088208e-204,0.24169329824597627,1.2570528812916584e-25,0.0
77,-0.6953907815631263,-2.958341628763759,2,0.6704718335347942,2.452763517709937e-120,0.6704718335347942,8.76482398445639e-89,1.8687876437535407e-25,3.790213022190143e-186,0.3295281664652057,2.5768176769762115e-20,0.0
78,-0.6913827655310621,-2.87304412580745,2,0.6162196709848008,5.42130619596146e-127,0.6162196709848008,1.371380220794595e-80,1.217433627516915e-24,3.982224669813307e-173,0.38378032901519915,9.36948039773072e-17,0.0
79,-0.687374749498998,-2.9425929557812944,2,0.914353622129884,4.078742556308545e-118,0.914353622129884,1.0263421625832221e-88,2.714178726899573e-31,1.0087665480393957e-184,0.08564637787011598,3.728495193906646e-21,0.0
80,-0.6833667334669339,-2.9298640355181527,2,0.9705191885286527,1.7559737460990625e-117,0.9705191885286527,3.692227999635042e-88,3.1683206386565676e-34,3.1218248582310274e-183,0.029480811471347238,2.553952688436995e-21,0.0
81,-0.6793587174348698,-2.856546020629116,2,0.9570584927219382,5.022178338698708e-123,0.9570584927219382,2.06195281076388e-81,4.536518274541753e-34,2.2633808009035837e-172,0.04294150727806185,2.0283354268466116e-18,0.0
82,-0.6753507014028056,-2.771557257582311,2,0.9083068033030115,5.796425691345978e-130,0.9083068033030115,1.1189628586738833e-73,3.688944924134436e-33,5.707528410970696e-160,0.09169319669698431,4.084821815012523e-15,0.0
83,-0.6713426853707415,-2.898552354844725,2,0.9998046604901155,8.69348471949142e-115,0.9998046604901155,4.2876449824290685e-87,2.8483102364312735e-44,9.62276855166839e-180,0.00019533950988452742,4.347114739769697e-22,0.0
84,-0.6673346693386774,-2.930451704507839,2,0.9999973138893712,2.020229747000263e-109,0.9999973138893712,8.118712650994006e-91,2.251606276645842e-50,7.614124035517532e-185,2.686110628726256e-06,2.1760401288690282e-24,0.0
85,-0.6633266533066133,-2.7548349763114364,2,0.9992840517273276,6.19188310252268e-126,0.9992840517273276,1.9276563305925606e-74,3.3123965543954604e-44,3.26142818441616e-159,0.0007159482726722436,1.0838322152233956e-16,0.0
86,-0.6593186372745492,-2.772803818659934,2,0.9999772406855213,5.578024271179461e-122,0.9999772406855213,7.707758587176563e-77,1.0694195567875568e-49,2.7067671361712717e-162,2.2759314478737563e-05,3.075805295563419e-18,0.0
87,-0.6553106212424851,-2.6804712875197336,2,0.9998440543691117,5.0800171804157974e-130,0.9998440543691117,7.019143608717068e-69,2.8708551773348355e-48,1.8572114746024558e-149,0.00015594563088017487,8.094846219074176e-15,0.0
88,-0.6513026052104209,-2.616632649967962,2,0.999715988339481,4.20949272062016e-135,0.999715988339481,9.472067446421237e-64,1.453797878212621e-48,6.146926659087397e-141,0.000284011659680691,8.382150361970761e-13,0.0
89,-0.6472945891783568,-2.606375610319503,2,0.9999691436686603,3.156997670707999e-134,0.9999691436686603,1.4792460267509914e-63,1.6278785309487095e-52,4.830921642425911e-140,3.08563308869542e-05,4.527769593162589e-13,0.0
90,-0.6432865731462927,-2.4195376631025924,2,0.9589704636882302,1.0104033049168499e-153,0.9589704636882302,7.911273303158853e-48,6.118953189329309e-44,5.524899862948494e-115,0.041027817577159446,1.718734610310072e-06,0.0
91,-0.6392785571142285,-2.4755270828291644,2,0.9998213762381152,3.4505658309586854e-145,0.9998213762381152,1.5216664278769536e-53,9.295541462555888e-53,2.836954097398126e-123,0.00017862093457745207,2.8273073368814637e-09,0.0
92,-0.6352705410821644,-2.4438710379871007,2,0.9999362764368304,7.239367665351023e-147,0.9999362764368304,1.2934846475445337e-51,2.5234876654174016e-55,1.1698775941521614e-119,6.371445214697709e-05,9.111022625942391e-09,0.0
93,-0.6312625250501003,-2.3846839173596446,2,0.9998712193894825,7.3025454616039955e-152,0.9998712193894825,1.9662142768593223e-47,8.17801726100922e-56,1.7007228907643095e-112,0.00012851954082492256,2.610696925440031e-07,0.0
94,-0.6272545090180361,-2.492426274548272,2,0.9999999983477625,7.416468541122683e-137,0.9999999983477625,5.417766127008232e-57,1.75949145870099e-69,5.0626904126443835e-127,1.6422161437239567e-09,1.0021322360152255e-11,0.0
95,-0.623246492985972,-2.2853559072374416,2,0.999785463114003,7.855390817440341e-160,0.999785463114003,5.805819607620575e-41,3.3081813961288975e-58,4.4513302719565473e-101,0.00018625154509211767,2.828534090490055e-05,0.0
96,-0.6192384769539079,-2.3420157618687227,2,0.9999998073078874,9.589450672636491e-151,0.9999998073078874,3.3936020201369028e-46,2.79678755864406e-68,7.884836643301823e-109,8.1835110079593e-08,1.1085700246715281e-07,0.0
97,-0.6152304609218437,-2.250088936637994,2,0.9999751446526928,4.898680410015994e-160,0.9999751446526928,8.865822852863047e-40,4.5770411953871555e-66,5.013714615385147e-98,2.5722791759915455e-06,2.228306813121186e-05,0.0
98,-0.6112224448897796,-2.3575501848355054,2,0.9999999966037092,2.1727618827922447e-144,0.9999999966037092,1.3825583600387835e-48,5.030419570574402e-81,1.2107531542485834e-111,3.709558271292064e-12,3.392581214935576e-09,0.0
99,-0.6072144288577155,-2.3644764354991885,2,0.9999999992573376,3.189092544731843e-141,0.9999999992573376,1.3778693121939633e-49,1.2703249518353848e-87,8.38026178136938e-113,1.3231618265094391e-14,7.426491404513695e-10,0.0
100,-0.6032064128256514,-2.1434170521991325,2,0.9994534745081113,3.361521124932593e-167,0.9994534745081113,4.553183580997807e-34,8.231170559608225e-74,3.7473173788551946e-87,1.426456636978693e-07,0.0005463828462250314,0.0
101,-0.5991983967935872,-2.1477047707212,2,0.9998637254009226,1.9346394874838898e-164,0.9998637254009226,4.585458879387157e-35,3.3398075175483743e-80,3.0248394664668665e-88,1.2241225976717233e-09,0.0001362733749547017,0.0
102,-0.5951903807615231,-2.2192462372171144,2,0.9999993261340098,8.137496917571448e-153,0.9999993261340098,1.2800630965041143e-40,3.994293147451528e-93,7.228198021860269e-97,5.993440983089516e-15,6.738659841385907e-07,0.0
103,-0.591182364729459,-2.1862134662686623,2,0.9999979659226208,8.543720802611053e-155,0.9999979659226208,7.627464105633447e-39,1.992654003296322e-96,1.651507635764331e-93,9.210943837372525e-16,2.0340773784320758e-06,0.0
104,-0.5871743486973948,-1.9964561254973503,2,0.9781952389977765,7.288979953097581e-178,0.9781952389977765,7.937106153818864e-27,2.404236501537369e-84,4.06081687660142e-73,3.1017038817323785e-09,0.021804757900519663,0.0
105,-0.5831663326653307,-2.151784984496448,2,0.9999970209980574,1.404983738096327e-154,0.9999970209980574,1.9120742958942303e-37,2.349608596205955e-106,2.2918801099376203e-90,4.2829566159332923e-19,2.979001942528269e-06,0.0
106,-0.5791583166332666,-1.8956484127028133,2,0.7597904634145014,2.6423454512038983e-187,0.7597904634145014,6.427964875886258e-22,3.7614196098932464e-87,8.770962522189709e-64,5.914962829033742e-09,0.24020953067053585,0.0
107,-0.5751503006012024,-2.0698296694580587,2,0.9999482742067525,8.278275871712035e-161,0.9999482742067525,4.1809206419854466e-33,7.674048991423357e-112,2.707714530838542e-82,4.3210089428486257e-20,5.172579324749538e-05,0.0
108,-0.5711422845691383,-1.9177124189342207,2,0.9779694413838388,1.673663269062687e-179,0.9779694413838388,1.899996624278769e-24,7.510602512264947e-103,3.7862721753939864e-67,1.5100581432592378e-14,0.02203055861614605,0.0
109,-0.5671342685370742,-1.966361468660209,2,0.9984501924898075,2.9797939913232982e-170,0.9984501924898075,8.749575706807833e-28,4.0554018872672504e-115,1.901508909477032e-72,7.549742636366168e-20,0.0015498075101925194,0.0
110,-0.56312625250501,-1.8633881237988508,2,0.9575058477458455,2.0480837899084e-182,0.9575058477458455,2.0467187472714156e-22,4.145464436345625e-111,9.255499773588585e-63,8.663766921029495e-17,0.042494152254154496,0.0
111,-0.5591182364729459,-1.927024730954483,2,0.9975097965726095,7.74804791486953e-171,0.9975097965726095,2.2985223065286273e-26,1.7592714705833856e-125,2.9598955667022857e-69,2.411414606779503e-23,0.002490203427390457,0.0
112,-0.5551102204408818,-1.868651355332815,2,0.9878812263132356,1.0480397606957889e-176,0.9878812263132356,1.3283646448697894e-23,1.9224671971670096e-126,4.691185595608789e-64,8.715608812454388e-23,0.01211877368676443,0.0
113,-0.5511022044088176,-1.8247649751858448,2,0.9691658599491222,1.4470171264358238e-180,0.9691658599491222,1.034965935348869e-21,4.90060420792912e-129,2.4085330746608423e-60,4.1974865686278635e-23,0.030834140050877746,0.0
114,-0.5470941883767535,-1.8809008211062912,2,0.9959770936306881,9.106990413722453e-170,0.9959770936306881,7.310226508230448e-25,2.4690387211007853e-143,1.132010656885354e-65,5.596906868351959e-30,0.0040229063693118855,0.0
115,-0.5430861723446894,-1.714422376239247,2,0.7910331138879864,6.694857799765671e-192,0.7910331138879864,3.88942717916812e-17,1.227863451654146e-131,2.4829160510881362e-51,2.5628106962363804e-22,0.20896688611201367,0.0
116,-0.5390781563126252,-1.787981546969493,2,0.9670744164912555,3.1171043259056384e-178,0.9670744164912555,6.891870952262044e-21,2.242751550458419e-148,6.443297164455506e-58,1.9114853050592914e-30,0.032925583508744534,0.0
117,-0.5350701402805611,-1.7387206859547153,2,0.9197056966779095,5.299293174343686e-183,0.9197056966779095,6.485255295434291e-19,1.4204688391886435e-150,5.446704076677417e-54,1.792955687853827e-30,0.08029430332209046,0.0
118,-0.531062124248497,-1.773759421815793,2,0.9642080091284999,5.434546622884962e-175,0.9642080091284999,1.1609439854932335e-20,3.237595844243902e-163,4.93699402133936e-57,1.2822183451063671e-36,0.03579199087150013,0.0
119,-0.5270541082164328,-1.873245946461199,2,0.9958518408036567,3.894682953123007e-157,0.9958518408036567,5.84553163625789e-25,3.3510013871203804e-184,4.762719201399919e-65,2.5695190676694987e-48,0.00414815919634314,0.0
120,-0.5230460921843687,-1.6578567142139262,2,0.7859178514927193,2.292594290689404e-187,0.7859178514927193,3.0177274452945583e-16,9.670751639078585e-166,3.7501247237126e-48,1.864099014794284e-35,0.2140821485072803,0.0
121,-0.5190380761523046,-1.4241464112101074,7,0.6348504838796375,9.709189671910709e-222,0.36514941429597203,1.0182439055833909e-07,3.973357961074166e-144,5.52119511836951e-31,3.959475886945702e-22,0.6348504838796375,0.0
122,-0.5150300601202404,-1.5292328206724282,2,0.5098104223583826,2.861325983162619e-202,0.5098104223583826,6.122477227237301e-12,1.6952496794859282e-166,4.4953826413527274e-39,2.896437896660067e-33,0.490189577635495,0.0
123,-0.5110220440881764,-1.568650334627067,2,0.552765864995774,3.159345310588043e-193,0.552765864995774,1.4876900509575787e-13,1.3376204623120345e-180,4.068014603011627e-42,3.2102195252375513e-40,0.4472341350040772,0.0
124,-0.5070140280561123,-1.5635103876549483,2,0.5005184810270945,2.85555692846902e-191,0.5005184810270945,1.5198353127613646e-13,4.992107532187805e-189,6.580205093771496e-42,6.462777160060694e-44,0.4994815189727535,0.0
125,-0.5030060120240482,-1.5163111982362358,7,0.5934627309968582,4.240442944371434e-196,0.4065372689995382,3.6036812195733205e-12,7.152134882380503e-192,7.699256299759866e-39,3.419074170192771e-44,0.5934627309968582,0.0
126,-0.498997995991984,-1.4502264748100475,7,0.6429324621692803,4.830482640282204e-204,0.35706753754085546,2.8986429029147457e-10,4.870537161440853e-192,1.3059652234669449e-34,8.43885794613559e-43,0.6429324621692803,0.0
127,-0.4949899799599199,-1.5646052043786027,7,0.7462246281959508,1.217558166123394e-182,0.2537753718039792,6.995884427055452e-14,9.498518354619025e-218,3.262289957730953e-42,1.6631779286200474e-57,0.7462246281959508,0.0
128,-0.4909819639278557,-1.3573937142241947,7,0.6461177603839735,1.1619766729364426e-213,0.3538821675281017,7.208792483156952e-08,1.0569947573120335e-197,4.7463944280695816e-29,3.4395744846863586e-43,0.6461177603839735,0.0
129,-0.4869739478957916,-1.3659617654672056,7,0.7400428831759576,1.7427606695486045e-209,0.25995709344285406,2.3381188343015134e-08,1.0622427419116062e-208,7.346698220324417e-30,2.002953646037697e-48,0.7400428831759576,0.0
130,-0.4829659318637275,-1.3426422385586747,7,0.7729041786481328,1.5573906085895665e-210,0.22709575433527274,6.701659459549192e-08,4.0085582256519046e-215,1.2051851763291433e-28,7.901067956613985e-51,0.7729041786481328,0.0
131,-0.4789579158316633,-1.3421743231783525,7,0.8501946125832618,7.859228158631064e-208,0.14980534488193437,4.253480375863656e-08,3.561551195236879e-225,7.461017071390978e-29,1.4084050332967697e-55,0.8501946125832618,0.0
132,-0.4749498997995992,-1.353087249837462,7,0.9246768083675253,2.928475030724505e-203,0.07532317807115932,1.356131541679263e-08,3.113615126578316e-237,9.927428074044793e-30,1.0076788348433072e-61,0.9246768083675253,0.0
133,-0.4709418837675351,-1.2784792529945284,7,0.8707393193616548,9.375470196780018e-213,0.12925977048681983,9.101515252672842e-07,6.493600083882885e-236,1.6960153476769755e-25,5.191858651980679e-59,0.8707393193616548,0.0
134,-0.4669338677354709,-1.2628604145875115,7,0.9077887149501199,1.49599226989578e-212,0.0922098383526699,1.4466972101985247e-06,5.266717471644292e-244,7.898185910993251e-25,1.6477752618272736e-62,0.9077887149501199,0.0
135,-0.4629258517034068,-1.3166704743201194,7,0.9853955046855599,6.528691309348646e-201,0.014604458393733623,3.6920706502656306e-08,1.0172693005850177e-263,3.675353702724114e-28,5.635808198023174e-74,0.9853955046855599,0.0
136,-0.4589178356713427,-1.3126197649246856,7,0.9937062637814658,8.537488885360412e-199,0.006293703600967992,3.261756631192412e-08,3.2195524822715543e-274,4.250901957143314e-28,2.8982438098294814e-79,0.9937062637814658,0.0
137,-0.4549098196392785,-1.237208713357164,7,0.9855725017384763,1.8523044485753877e-208,0.014425904969601083,1.5932919225761836e-06,9.095404856702691e-273,4.450574109882455e-24,3.5694632465062576e-76,0.9855725017384763,0.0
138,-0.4509018036072144,-1.100300841727803,7,0.744599755249297,2.1204821146258711e-228,0.25328850377646106,0.002111740974241792,2.5818489737902006e-260,8.279826276042734e-17,1.4418854817592431e-65,0.744599755249297,0.0
139,-0.4468937875751503,-1.302454354500144,7,0.999708845948623,4.4466123286559305e-192,0.0002911289627789719,2.5088598034936008e-08,3.0125024863641232e-307,6.583766090618431e-28,1.8822222063433936e-96,0.999708845948623,0.0
140,-0.4428857715430861,-1.3000676967865723,7,0.9999137675788217,1.1716204914874115e-189,8.620869663567776e-05,2.3724542619666168e-08,7.83223e-319,7.426485735171438e-28,1.1274278679837099e-102,0.9999137675788217,0.0
141,-0.438877755511022,-1.1490597025311455,7,0.9971688441760925,6.217163770324081e-212,0.0027974458801792723,3.3709943728226356e-05,8.453542256549758e-304,3.1409464237887097e-20,2.100850341661536e-89,0.9971688441760925,0.0
142,-0.434869739478958,-1.1379779099574328,7,0.9987637682327909,5.488100998629588e-211,0.001196979378545147,3.9252388663889114e-05,7.587468098e-314,7.057111152539458e-20,2.403622322194681e-94,0.9987637682327909,0.0
143,-0.4308617234468939,-1.1082218659512977,7,0.9988801408804785,3.793032206193215e-213,0.0010056626171175277,0.00011419650240397057,1.5025e-320,1.35341739917746e-18,7.412719178482475e-97,0.9988801408804785,0.0
144,-0.4268537074148297,-1.082843587729449,7,0.9990208026141306,1.3875134355965875e-214,0.0007209170507285933,0.00025828033514081354,0.0,1.459971978093982e-17,5.315581462204877e-100,0.9990208026141306,0.0
145,-0.4228456913827656,-1.1007154946073077,7,0.9998419880550491,8.409801625501569e-209,7.913098872989337e-05,7.888095622112003e-05,0.0,1.2717096016184136e-18,2.191288629645478e-109,0.9998419880550491,0.0
146,-0.4188376753507015,-0.9443969907829588,7,0.9098411693872149,3.7258256326431314e-232,0.024109687792959446,0.06604914279985327,0.0,1.9972309653592462e-11,9.399115866626583e-94,0.9098411693872149,0.0
147,-0.4148296593186373,-1.172610871491069,7,0.999996996520699,4.2626240384886665e-191,1.3723711941865838e-07,2.8662421816460924e-06,0.0,4.298449734260906e-22,1.3279714484839538e-134,0.999996996520699,0.0
148,-0.4108216432865732,-1.0919949929914237,7,0.999944059177682,8.481550003674153e-202,8.471302995310651e-07,5.509369201846679e-05,0.0,1.2549232086914175e-18,6.562696600476527e-130,0.999944059177682,0.0
149,-0.4068136272545091,-1.0153749348182302,7,0.9991370686256059,7.576955355494568e-212,6.295519462942072e-06,0.0008566358549291691,0.0,2.022404089872797e-15,1.2890397787563428e-125,0.9991370686256059,0.0
150,-0.4028056112224449,-1.1201900818442012,7,0.9999828148969447,2.3870788198739765e-191,5.092814272300599e-09,1.718001024096007e-05,0.0,6.490500430865702e-20,5.8108167839849e-150,0.9999828148969447,0.0
151,-0.3987975951903808,-0.9846433069472668,7,0.998390621650351,2.2763458296464945e-211,8.349857658745252e-07,0.0016085433638634602,0.0,1.965046309755792e-14,4.476229947658758e-136,0.998390621650351,0.0
152,-0.3947895791583167,-0.8197153284175771,7,0.6400628387739931,1.527059720381363e-236,0.001559969652804734,0.3583771319125181,0.0,5.966068412918688e-08,3.1238936079052338e-117,0.6400628387739931,0.0
153,-0.3907815631262525,-0.9332364738845564,7,0.9941394675498296,2.191455172749101e-214,3.240642772773925e-07,0.005860208384735339,0.0,1.157682969716239e-12,1.7026519120605374e-143,0.9941394675498296,0.0
154,-0.3867735470941884,-0.8989406906994635,7,0.9860473401622655,2.3374061429104713e-217,3.470656360534148e-07,0.01395231275486719,0.0,1.7231301867903512e-11,8.206639967618898e-146,0.9860473401622655,0.0
155,-0.3827655310621243,-1.000912688262812,7,0.9993744546034524,3.3882462325879584e-197,7.49074506675776e-11,0.000625545321637872,0.0,2.2083984931532897e-15,8.147409988348351e-172,0.9993744546034524,0.0
156,-0.3787575150300601,-0.9323229920145468,7,0.9962646719740351,5.460552461987773e-206,5.425695761049108e-10,0.0037353274828271954,0.0,5.679553118316985e-13,2.0920383405241823e-168,0.9962646719740351,0.0
157,-0.374749498997996,-0.8961546452970349,7,0.9912076569970353,2.7837575146174124e-209,5.792847321126576e-10,0.008792342414846631,0.0,8.833279460964153e-12,1.1914092320530253e-170,0.9912076569970353,0.0
158,-0.3707414829659319,-0.8748897360357109,7,0.9864556857120446,4.835835249288375e-210,2.3251909001735515e-10,0.01354431401690345,0.0,3.853291163509185e-11,1.3253706319152025e-175,0.9864556857120446,0.0
159,-0.3667334669338677,-0.7304818107903766,7,0.6778338943520684,5.739083495032232e-232,5.845946804140074e-07,0.32216390054943567,0.0,1.6205038154951422e-06,4.93228235444366e-158,0.6778338943520684,0.0
160,-0.3627254509018036,-0.7721444630465205,7,0.8915405483035,6.704260611342276e-222,2.9984901634334496e-09,0.10845939674800575,0.0,5.195000403508237e-08,2.0088420369200025e-174,0.8915405483035,0.0
161,-0.3587174348697395,-0.8896269201387446,7,0.9898495215464787,7.269501992475995e-199,4.0417882196144075e-14,0.010150478443188162,0.0,1.0292764863376214e-11,5.472552803988562e-206,0.9898495215464787,0.0
162,-0.3547094188376753,-0.7651429939008852,7,0.9073180838434983,2.30199916238793e-217,3.398944581593167e-11,0.09268186990108666,0.0,4.622142557882756e-08,2.41170978411628e-191,0.9073180838434983,0.0
163,-0.3507014028056112,-0.7293597405467911,7,0.8477715406192573,1.163937736888149e-220,4.11204338258294e-11,0.15222807703659622,0.0,3.8230302606576834e-07,9.696038908917868e-194,0.8477715406192573,0.0
164,-0.3466933867735471,-0.6625591280023585,7,0.6522895155652622,2.2319328521607332e-229,6.163009524857626e-10,0.34769184441734585,0.0,1.8639401091056603e-05,5.065560245068867e-190,0.6522895155652622,0.0
165,-0.342685370741483,-0.612079287969566,3,0.5182344256043666,2.5155381364861653e-235,2.680555363504257e-09,0.5182344256043666,0.0,0.00024656517580479707,1.905843828361736e-189,0.48151900653927326,0.0
166,-0.3386773547094188,-0.8046779459527044,7,0.9372180414354052,6.022674523759012e-199,1.8186848478294093e-17,0.06278195561283569,0.0,2.951759125731227e-09,1.7889550845812613e-238,0.9372180414354052,0.0
167,-0.3346693386773547,-0.7734817098622166,7,0.9037841763696508,1.964929383922501e-201,1.1552059642229822e-17,0.0962158057333397,0.0,1.789700954428404e-08,2.8691207028985038e-242,0.9037841763696508,0.0
168,-0.3306613226452907,-0.7945553214319625,7,0.8959857748868938,7.528874811928793e-195,8.158244952081778e-20,0.10401421825117443,0.0,6.8619317547098715e-09,2.9029661812129194e-257,0.8959857748868938,0.0
169,-0.3266533066132265,-0.6981984053422563,7,0.7969155278514177,1.0981492937899368e-208,1.5806004035278388e-17,0.20308354526851938,0.0,9.268800628796825e-07,3.953742014806531e-247,0.7969155278514177,0.0
170,-0.3226452905811624,-0.6278860654414093,7,0.690149322329197,4.930377033687571e-218,4.2124882881420175e-16,0.309823992083491,0.0,2.6685587311578612e-05,2.052378492574578e-242,0.690149322329197,0.0
171,-0.3186372745490983,-0.5721145424889332,7,0.6011312993666755,7.159397765255497e-225,3.584303815835784e-15,0.3985568256538101,0.0,0.00031187497951077833,9.982193578271161e-241,0.6011312993666755,0.0
172,-0.3146292585170341,-0.6432710585089478,7,0.6644167302572548,1.5722903628989768e-209,1.3709935807403206e-19,0.3355720653659755,0.0,1.120437676972317e-05,2.710520943751542e-267,0.6644167302572548,0.0
173,-0.31062124248497,-0.6490620104089705,7,0.6193517360082623,1.310161170403653e-205,2.406457296879242e-21,0.3806394055704401,0.0,8.858421297525114e-06,1.0549868174426633e-279,0.6193517360082623,0.0
174,-0.3066132264529059,-0.5977968149762856,7,0.5739611946822424,1.1814570598955065e-211,1.2126325232618203e-20,0.4259690486457324,0.0,6.975667202526932e-05,3.896693658221417e-279,0.5739611946822424,0.0
175,-0.3026052104208417,-0.6633946009177663,3,0.5417191699443499,2.5936372764212318e-197,3.486141827306713e-25,0.5417191699443499,0.0,5.840134327414386e-06,5.736168174991725e-306,0.45827498992132276,0.0
176,-0.2985971943887776,-0.4162467088535525,7,0.4943539775235817,1.3221290920266122e-237,3.1237313949385983e-15,0.4478821868432594,0.0,0.05776383563315577,4.0585319419836416e-259,0.4943539775235817,0.0
177,-0.2945891783567135,-0.6990287046779524,3,0.8028698977880241,1.9327801987804096e-185,2.1377317959130948e-30,0.8028698977880241,0.0,1.949813251102963e-06,0.0,0.19712815239872472,0.0
178,-0.2905811623246493,-0.5428204249808392,3,0.5981926348218967,1.2221822694445352e-209,1.495971443654999e-24,0.5981926348218967,0.0,0.0004619173359464975,2.46657398721e-312,0.40134544784215676,0.0
179,-0.2865731462925852,-0.383071310149744,7,0.5355936020342367,1.1990747211507784e-234,3.933473484698168e-18,0.38647114402738936,0.0,0.07793525393837393,6.318878706251723e-285,0.5355936020342367,0.0
180,-0.2825651302605211,-0.5319506988775748,3,0.71866913671759,9.143478243278189e-206,1.5982923534197547e-27,0.71866913671759,0.0,0.0006307775826209135,0.0,0.2807000856997891,0.0
181,-0.2785571142284569,-0.5354058851024079,3,0.7984229233414449,2.587444653272795e-202,1.4442412957927025e-29,0.7984229233414449,0.0,0.0005528549421635481,0.0,0.20102422171639156,0.0
182,-0.2745490981963928,-0.5366781238397033,3,0.8642342658090684,2.906246969223022e-199,1.4278258189625172e-31,0.8642342658090684,0.0,0.0005166575879385819,0.0,0.13524907660299298,0.0
183,-0.2705410821643287,-0.5105636588681223,3,0.8697576156715078,6.564260077809625e-201,4.5478275808419125e-32,0.8697576156715078,0.0,0.0011165639725824283,0.0,0.1291258203559098,0.0
184,-0.2665330661322646,-0.3745228420119601,3,0.5103614832947659,1.6596335440635759e-221,3.796535314280756e-26,0.5103614832947659,0.0,0.044208945493042114,0.0,0.445429571212192,0.0
185,-0.2625250501002004,-0.6496850846451013,3,0.9982565825436841,6.02051488240214e-172,9.041603361520374e-45,0.9982565825436841,0.0,1.3378548196960975e-05,0.0,0.0017300389081188268,0.0
186,-0.2585170340681363,-0.3386123182284108,3,0.47624302293806065,6.180848827092784e-222,8.93752700719322e-28,0.47624302293806065,0.0,0.0824427286572707,0.0,0.4413142484046687,0.0
187,-0.2545090180360722,-0.5639183947092354,3,0.9965688666597035,7.196891309652411e-181,4.486300981053138e-44,0.9965688666597035,0.0,0.00018778836376822654,0.0,0.0032433449765283304,0.0
188,-0.250501002004008,-0.4602111973678274,3,0.9709935058790276,1.784154938062021e-195,1.3797355714027207e-39,0.9709935058790276,0.0,0.003594736690387233,0.0,0.025411757430585203,0.0
189,-0.2464929859719439,-0.4622565882505738,3,0.9844763420156811,2.2340866112130362e-192,5.1400758559217654e-42,0.9844763420156811,0.0,0.003170283648397056,0.0,0.012353374335921846,0.0
190,-0.2424849699398797,-0.3700300864713989,3,0.8897518201487561,4.625251025998742e-205,5.374130216077491e-38,0.8897518201487561,0.0,0.03203578274094334,0.0,0.07821239711030058,0.0
191,-0.2384769539078156,-0.5343193542059137,3,0.999351701490716,5.058739320777477e-175,6.363616173552567e-52,0.999351701490716,0.0,0.0004211379687084279,0.0,0.00022716054057563746,0.0
192,-0.2344689378757515,-0.3590068500936104,3,0.9315544081112045,2.517144676119183e-201,8.382483312329433e-42,0.9315544081112045,0.0,0.034549480134637885,0.0,0.033896111754157625,0.0
193,-0.2304609218436875,-0.2237018049119769,7,0.39735290437549,1.5254001556406323e-221,1.4032207301538564e-34,0.3230948487251207,0.0,0.27955224689938935,0.0,0.39735290437549,0.0
194,-0.2264529058116233,-0.484519515353929,3,0.9984328102263295,3.408328570303273e-175,3.8111427097650923e-56,0.9984328102263295,0.0,0.0014931943827525547,0.0,7.399539091800408e-05,0.0
195,-0.2224448897795592,-0.3502596853530844,3,0.9626137137684982,1.6423985704189792e-194,1.7572640591236534e-48,0.9626137137684982,0.0,0.031914555173400985,0.0,0.005471731058100798,0.0
196,-0.2184368737474951,-0.4085153550719021,3,0.9914730476836974,2.946498991014293e-182,1.2126599200843654e-55,0.9914730476836974,0.0,0.008299546075172325,0.0,0.00022740624113029253,0.0
197,-0.2144288577154309,-0.311754879496846,3,0.9357253059496549,2.2228873202964696e-195,1.3559670256705723e-50,0.9357253059496549,0.0,0.05947684710789435,0.0,0.004797846942450782,0.0
198,-0.2104208416833668,-0.3347100367480153,3,0.9642765196268319,6.580879706154319e-189,4.1731808606269264e-55,0.9642765196268319,0.0,0.03493862780963053,0.0,0.000784852563537581,0.0
199,-0.2064128256513027,-0.3781221971656905,3,0.9857349835235115,3.485547773497884e-179,1.815900797475061e-61,0.9857349835235115,0.0,0.014224442580898555,0.0,4.0573895589993794e-05,0.0
200,-0.2024048096192385,-0.2784786844522265,3,0.9142122304421519,1.173844754960576e-192,7.175601104408313e-56,0.9142122304421519,0.0,0.0843055046028273,0.0,0.0014822649550207154,0.0
201,-0.1983967935871744,-0.164008133304649,3,0.5677344890384904,9.82473914009599e-209,6.7006163034144375e-49,0.5677344890384904,0.0,0.36185339679724765,0.0,0.070412114164262,0.0
202,-0.1943887775551103,-0.3146165470643704,3,0.9594301060614177,1.9145692277087043e-181,1.155479296582142e-64,0.9594301060614177,0.0,0.04053447570271185,0.0,3.541823587041792e-05,0.0
203,-0.1903807615230461,-0.2328910715328647,3,0.865686655448175,6.1422606781639424e-192,2.585478572300474e-60,0.865686655448175,0.0,0.13355750849841866,0.0,0.0007558360534064019,0.0
204,-0.186372745490982,-0.3851986629998926,3,0.9870935335427644,6.003026038956198e-165,4.310737289451576e-77,0.9870935335427644,0.0,0.01290640497925859,0.0,6.14779769702762e-08,0.0
205,-0.1823647294589179,-0.3496529670150807,3,0.9772177330798738,5.524958944881664e-168,5.469116721511905e-77,0.9772177330798738,0.0,0.022782137477056437,0.0,1.2944306969373008e-07,0.0
206,-0.1783567134268537,-0.2268813509196233,3,0.882205822726782,7.308785082672388e-185,1.2754383367751849e-68,0.882205822726782,0.0,0.11774882341270257,0.0,4.535386051544752e-05,0.0
207,-0.1743486973947896,-0.1376133876755754,3,0.7149286450016965,1.7249333266205145e-196,3.408430616239816e-63,0.7149286450016965,0.0,0.2830362878165237,0.0,0.0020350671817798097,0.0
208,-0.1703406813627255,-0.2196938941389976,3,0.883904777756597,1.041649561198262e-180,3.864829546999429e-74,0.883904777756597,0.0,0.11608859825370314,0.0,6.623989699850264e-06,0.0
209,-0.1663326653306613,-0.2651178265891117,3,0.9303600608440643,6.202704651589466e-171,7.970320152794359e-82,0.9303600608440643,0.0,0.06963983345231818,0.0,1.0570361748095916e-07,0.0
210,-0.1623246492985972,-0.232188478587824,3,0.9031024728632712,1.6688033514657508e-173,7.602837981759429e-82,0.9031024728632712,0.0,0.09689729832475165,0.0,2.288119772557891e-07,0.0
211,-0.1583166332665331,-0.3243498561297394,3,0.9595923722203863,1.3708048274994418e-156,1.3432741597299897e-94,0.9595923722203863,0.0,0.04040762768812819,0.0,9.148545880980288e-11,0.0
212,-0.1543086172344689,-0.1682667519572518,3,0.8403382514509684,2.6354776872961075e-178,5.652663662841856e-82,0.8403382514509684,0.0,0.1596606730379718,0.0,1.0755110598246794e-06,0.0
213,-0.1503006012024048,-0.1384758227433898,3,0.8108412675391912,2.390587494198609e-180,3.264153599517591e-82,0.8108412675391912,0.0,0.18915657852350387,0.0,2.1539373049178174e-06,0.0
214,-0.1462925851703407,-0.2377863877765655,3,0.9034536301040503,2.328519052113401e-162,3.397280225636464e-96,0.9034536301040503,0.0,0.09654636948295026,0.0,4.1299941133587247e-10,0.0
215,-0.1422845691382765,-0.2318998848954233,3,0.8960049679853986,9.881447471513905e-161,3.6451062423515167e-99,0.8960049679853986,0.0,0.1039950318871598,0.0,1.2744153482349118e-10,0.0
216,-0.1382765531062124,-0.165822719878344,3,0.8475678207583974,2.430189887639513e-168,1.4531295316510042e-95,0.8475678207583974,0.0,0.15243217515757854,0.0,4.0840240793197954e-09,0.0
217,-0.1342685370741483,-0.2149445903077134,3,0.8760008627535394,2.7490641123368627e-158,1.1573112705564002e-104,0.8760008627535394,0.0,0.12399913722967766,0.0,1.6782858166844764e-11,0.0
218,-0.1302605210420842,-0.1783276765136155,3,0.8504218682875508,2.3796487931634954e-161,2.754991994067896e-104,0.8504218682875508,0.0,0.1495781316529622,0.0,5.948692634933355e-11,0.0
219,-0.1262525050100201,0.0017961423785486,3,0.756070622114848,2.3640341928906267e-186,2.1921275241534767e-87,0.756070622114848,0.0,0.24390876135759765,0.0,2.0616527554376808e-05,0.0
220,-0.122244488977956,-0.1792011224648265,3,0.8381284392110603,3.3014779407842593e-156,5.405960721228632e-112,0.8381284392110603,0.0,0.16187156078727347,0.0,1.666307347468258e-12,0.0
221,-0.1182364729458919,-0.1814751312033829,3,0.8296136669124705,2.2008570971330103e-153,3.6614497307413874e-116,0.8296136669124705,0.0,0.17038633308731277,0.0,2.166560452465544e-13,0.0
222,-0.1142284569138277,-0.1980899578622132,3,0.8210238032921251,1.9497568875441817e-148,4.0656955221324446e-122,0.8210238032921251,0.0,0.17897619670786777,0.0,7.093423412075486e-15,0.0
223,-0.1102204408817636,-0.0803382465413107,3,0.801461322521506,1.408057591777108e-163,6.509458874236788e-112,0.801461322521506,0.0,0.19853867743111575,0.0,4.7378232460758635e-11,0.0
224,-0.1062124248496995,-0.1480652801958616,3,0.7903759158097315,5.502233324571458e-151,3.630460851048595e-124,0.7903759158097315,0.0,0.2096240841902539,0.0,1.448901368856641e-14,0.0
225,-0.1022044088176353,-0.1793161374554503,3,0.7685858702942481,6.246189780565332e-144,3.651911234157892e-132,0.7685858702942481,0.0,0.2314141297057518,0.0,9.328118224850523e-17,0.0
226,-0.0981963927855712,-0.0155645805804461,3,0.8101585830538242,1.0360355233630022e-165,9.596739566349843e-116,0.8101585830538242,0.0,0.18984141685319042,0.0,9.298543831028642e-11,0.0
227,-0.0941883767535071,-0.0017053870419878,3,0.8161985162298429,2.950917695201971e-165,5.348514517637542e-118,0.8161985162298429,0.0,0.18380148371163457,0.0,5.852261242234054e-11,0.0
228,-0.0901803607214429,-0.1574128071182203,3,0.7056757113020606,6.014010560032898e-140,3.2596101869238828e-142,0.7056757113020606,0.0,0.29432428869793936,0.0,1.2799624811439993e-18,0.0
229,-0.0861723446893788,-0.2529064373862846,3,0.5819351808496105,7.853423101556814e-124,4.0384384324142075e-159,0.5819351808496105,0.0,0.41806481915038957,0.0,3.921307081597937e-24,0.0
230,-0.0821643286573147,-0.0172839452180719,3,0.7930589067219659,1.6166599544384619e-155,1.8429745265148916e-132,0.7930589067219659,0.0,0.2069410932779927,0.0,4.1321507880869256e-14,0.0
231,-0.0781563126252505,-0.1470531600497082,3,0.6177567086631722,2.2868414578860007e-134,3.4103611314264724e-154,0.6177567086631722,0.0,0.3822432913368277,0.0,3.7681675174258006e-21,0.0
232,-0.0741482965931864,-0.023524848843073,3,0.7645657095569449,9.737960645561602e-150,6.001119961851879e-142,0.7645657095569449,0.0,0.23543429044305475,0.0,3.3770262665065744e-16,0.0
233,-0.0701402805611223,-0.2389681689305453,5,0.6327059494365949,7.993508457884043e-117,3.926002035009721e-176,0.36729405056340514,0.0,0.6327059494365949,0.0,4.339682759860944e-28,0.0
234,-0.0661322645290581,-0.0046283418844875,3,0.7628880050529352,1.2455051647314025e-147,3.0970327972140422e-148,0.7628880050529352,0.0,0.23711199494706478,0.0,3.57246804079365e-17,0.0
235,-0.062124248496994,-0.1676959021700715,5,0.6092053440571016,2.622393703455478e-122,7.600327027598725e-176,0.3907946559428984,0.0,0.6092053440571016,0.0,1.1316399694163929e-26,0.0
236,-0.0581162324649299,-0.0071952453728191,3,0.7209947062881391,1.7098767398700308e-142,1.0142565686837141e-157,0.7209947062881391,0.0,0.2790052937118608,0.0,2.8200229671780885e-19,0.0
237,-0.0541082164328657,-0.0594554194801268,3,0.563300092119468,8.101301377725935e-133,5.993398338240503e-170,0.563300092119468,0.0,0.4366999078805319,0.0,4.2853190202464323e-23,0.0
238,-0.0501002004008016,-0.1319384261530545,5,0.6805623349808357,1.443888249044073e-120,1.847573865395007e-185,0.31943766501916415,0.0,0.6805623349808357,0.0,2.5783350212522645e-28,0.0
239,-0.0460921843687375,-0.0832957577621405,5,0.5963295384514744,5.543881766434526e-125,3.1769294478174924e-183,0.4036704615485256,0.0,0.5963295384514744,0.0,9.907342680763766e-27,0.0
240,-0.0420841683366733,0.0089810165224562,3,0.6543047994068616,2.192170297468937e-135,2.395302691704348e-174,0.6543047994068616,0.0,0.3456952005931384,0.0,1.2111014801597221e-22,0.0
241,-0.0380761523046092,-0.0327249930173619,5,0.5265533633564121,2.2262000421309648e-127,1.3729007033943547e-185,0.47344663664358794,0.0,0.5265533633564121,0.0,3.544876108750819e-26,0.0
242,-0.0340681362725451,0.010205463265285,3,0.5860438018136259,5.887201022147455e-131,4.984178844822015e-184,0.5860438018136259,0.0,0.41395619818637397,0.0,7.788012858753731e-25,0.0
243,-0.0300601202404809,0.1261392542623475,3,0.8856920079514105,1.2921500841973543e-144,3.511773546647814e-171,0.8856920079514105,0.0,0.11430799204858952,0.0,2.4577370109022254e-19,0.0
244,-0.0260521042084168,-0.1526195849296106,5,0.9355476623794442,4.758886954049012e-105,4.224821932435219e-220,0.06445233762055583,0.0,0.9355476623794442,0.0,1.0466343241335372e-37,0.0
245,-0.0220440881763528,0.1063181855964578,3,0.817274429603184,3.4410629817689895e-137,3.88673631514545e-184,0.817274429603184,0.0,0.18272557039681606,0.0,1.252731108284887e-22,0.0
246,-0.0180360721442887,-0.0103616654689635,5,0.6854089896876151,2.738446312600806e-119,6.386380086114455e-208,0.3145910103123849,0.0,0.6854089896876151,0.0,4.826960610631787e-31,0.0
247,-0.0140280561122245,-0.0863353948149549,5,0.9199048446628474,2.2304059246330142e-107,7.603576146332795e-226,0.08009515533715263,0.0,0.9199048446628474,0.0,1.4413166819624645e-37,0.0
248,-0.0100200400801604,-0.1166499566420166,5,0.9655242822078318,1.6328693489910587e-101,1.5657698524013608e-236,0.03447571779216814,0.0,0.9655242822078318,0.0,3.291246080918262e-41,0.0
249,-0.0060120240480963,-0.021214813381374,5,0.8498529017578915,1.7314068657535317e-111,4.6889953033415094e-226,0.15014709824210845,0.0,0.8498529017578915,0.0,6.851589876196141e-36,0.0
250,-0.0020040080160321,0.0717199366488973,5,0.5044084818153644,2.9539712947100423e-121,7.279347205507268e-216,0.4955915181846356,0.0,0.5044084818153644,0.0,7.7083508157440656e-31,0.0
251,0.0020040080160319,-0.0082079215176568,5,0.8817364807635618,5.806478917369938e-109,4.490674199655792e-235,0.11826351923643816,0.0,0.8817364807635618,0.0,7.433130346707555e-38,0.0
252,0.006012024048096,0.1268329988063794,3,0.6949905207082969,4.876915645751496e-124,1.9225637098796284e-217,0.6949905207082969,0.0,0.3050094792917031,0.0,9.598492529267697e-30,0.0
253,0.0100200400801602,-0.1062707934340595,5,0.9925890938151615,5.646634037645599e-93,5.304687370335934e-264,0.007410906184838558,0.0,0.9925890938151615,0.0,1.8996474078747123e-48,0.0
254,0.0140280561122243,0.0126784096882692,5,0.9166340917656554,2.134111213127303e-105,1.0844953467592568e-248,0.08336590823434456,0.0,0.9166340917656554,0.0,8.483772170331446e-41,0.0
255,0.0180360721442884,-0.0827825346758051,5,0.9939384741932781,5.809925256647667e-92,6.597574833980711e-272,0.006061525806721919,0.0,0.9939384741932781,0.0,5.952071192693307e-50,0.0
256,0.0220440881763526,0.050205603716922,5,0.8850905223143548,6.870906562977651e-106,1.1491426840614681e-253,0.11490947768564524,0.0,0.8850905223143548,0.0,5.93001642122954e-41,0.0
257,0.0260521042084167,0.0957163986657656,5,0.7522125801972167,2.3591437011179244e-109,3.0719424229196612e-251,0.24778741980278324,0.0,0.7522125801972167,0.0,6.51869363381627e-39,0.0
258,0.0300601202404808,-0.0052993943110817,5,0.9850479352967902,2.3640097479881168e-95,5.004910198372997e-276,0.014952064703209731,0.0,0.9850479352967902,0.0,1.1110690725559932e-48,0.0
259,0.034068136272545,-0.1764320849939959,5,0.9999127656001483,8.771444401306128e-74,1.328078507e-314,8.723439985173843e-05,0.0,0.9999127656001483,0.0,4.385833849905924e-65,0.0
260,0.0380761523046091,0.0513132275130049,5,0.963686179789404,4.509788483543053e-98,1.1196857091297955e-277,0.03631382021059601,0.0,0.963686179789404,0.0,2.8157514264620356e-47,0.0
261,0.0420841683366732,0.0737792352744026,5,0.9501139671426384,1.0098640704865883e-98,1.4241740398497103e-279,0.04988603285736164,0.0,0.9501139671426384,0.0,4.97247687138093e-47,0.0
262,0.0460921843687374,0.074578475285407,5,0.9630758589903557,7.135136462254024e-97,1.1345589004809496e-285,0.03692414100964424,0.0,0.9630758589903557,0.0,1.2234431932459702e-48,0.0
263,0.0501002004008015,0.1444457276262932,5,0.7998225366267517,6.032317818296076e-103,2.7073383373581124e-278,0.20017746337324827,0.0,0.7998225366267517,0.0,2.8463198325727085e-44,0.0
264,0.0541082164328656,-0.0367978258070658,5,0.9994849814164873,1.1664371457449319e-80,1.5415e-320,0.0005150185835127202,0.0,0.9994849814164873,0.0,3.413444178739946e-62,0.0
265,0.0581162324649298,0.1065636774305059,5,0.9637028059456606,9.874333507078498e-95,1.977530602607682e-298,0.036297194054339406,0.0,0.9637028059456606,0.0,5.954917249222212e-51,0.0
266,0.0621242484969939,0.1507650598205818,5,0.8931984383047322,9.30878560064361e-98,5.813793684564102e-296,0.10680156169526775,0.0,0.8931984383047322,0.0,1.09858154473962e-48,0.0
267,0.066132264529058,-0.0837447834190544,5,0.9999750050981219,2.2962246945862727e-70,0.0,2.4994901878170217e-05,0.0,0.9999750050981219,0.0,1.5674993147369646e-72,0.0
268,0.0701402805611222,0.0872533737583447,5,0.9938281299825543,5.165260706266996e-87,4.94e-322,0.006171870017445705,0.0,0.9938281299825543,0.0,3.9276726391926026e-58,0.0
269,0.0741482965931863,0.0244486307447961,5,0.9995790487800909,1.7163979164160468e-78,0.0,0.0004209512199091075,0.0,0.9995790487800909,0.0,4.439100275905308e-66,0.0
270,0.0781563126252504,0.0613273233280725,5,0.9989677371711537,1.1890128069251207e-80,0.0,0.0010322628288462145,0.0,0.9989677371711537,0.0,1.9499835625483233e-64,0.0
271,0.0821643286573146,0.0986952514732636,5,0.9972890826978672,7.970369415308417e-83,0.0,0.002710917302132845,0.0,0.9972890826978672,0.0,1.0648377435187227e-62,0.0
272,0.0861723446893787,0.0349022641912906,5,0.9998510556435725,2.0097635577189718e-74,0.0,0.00014894435642754278,0.0,0.9998510556435725,0.0,4.701611066428068e-71,0.0
273,0.0901803607214428,0.0227922856867966,5,0.9999436540614396,1.7146952303039116e-71,0.0,5.6345938560441534e-05,0.0,0.9999436540614396,0.0,2.382645481028371e-74,0.0
274,0.094188376753507,0.0825200195402783,5,0.9996287963771917,6.475396072327494e-76,0.0,0.0003712036228082713,0.0,0.9996287963771917,0.0,2.8160106735445136e-70,0.0
275,0.0981963927855711,-0.0042808981711298,5,0.9999934366707427,1.7778691784567568e-65,0.0,6.563329257379213e-06,0.0,0.9999934366707427,0.0,1.9825653880177707e-81,0.0
276,0.1022044088176352,-0.001282680648128,5,0.9999957556659386,3.52476919346833e-64,0.0,4.244334061479413e-06,0.0,0.9999957556659386,0.0,2.654444509071862e-83,0.0
277,0.1062124248496994,0.1427928922051212,5,0.9988864291698131,7.037329947135677e-77,0.0,0.0011135708301869645,0.0,0.9988864291698131,0.0,4.157061309217372e-70,0.0
278,0.1102204408817635,-0.0006241009040682,5,0.9999986185263742,4.1882691432521085e-61,0.0,1.381473625758854e-06,0.0,0.9999986185263742,0.0,1.0709597361012782e-87,0.0
279,0.1142284569138276,0.1473990520084806,5,0.9994708525237356,6.0065119818899715e-74,0.0,0.0005291474762644217,0.0,0.9994708525237356,0.0,9.325705330555397e-74,0.0
280,0.1182364729458917,0.1338957683312626,5,0.9998236010561057,5.69677898134314e-71,0.0,0.00017639894389437434,0.0,0.9998236010561057,0.0,2.368180092665274e-77,0.0
281,0.1222444889779559,-0.0384003322400275,5,0.9999999593473959,5.611635465594933e-53,0.0,4.065260405658611e-08,0.0,0.9999999593473959,0.0,6.6939313402778295e-99,0.0
282,0.12625250501002,0.0482176484826994,5,0.9999988391107688,1.2610489416391774e-59,0.0,1.1608892311257723e-06,0.0,0.9999988391107688,0.0,2.1360321123342445e-91,0.0
283,0.1302605210420839,0.2006946062187183,5,0.9991114014336601,2.009653106006906e-72,0.0,0.0008885985663399879,0.0,0.9991114014336601,0.0,2.4134029288722017e-76,0.0
284,0.1342685370741481,0.0294016087411633,5,0.999999859774931,6.91894092831815e-55,0.0,1.402250690495601e-07,0.0,0.999999859774931,0.0,2.8177166468622506e-98,0.0
285,0.1382765531062122,0.0734590167100159,5,0.9999993642945436,1.93001169465508e-57,0.0,6.357054563481108e-07,0.0,0.9999993642945436,0.0,1.6750142093944875e-95,0.0
286,0.1422845691382763,0.1502817900753547,5,0.9999842548190641,6.210634528462252e-63,0.0,1.5745180935928342e-05,0.0,0.9999842548190641,0.0,8.191891112766437e-89,0.0
287,0.1462925851703405,0.1786843199892409,5,0.9999622236688259,5.8043674758530236e-64,0.0,3.7776331174039085e-05,0.0,0.9999622236688259,0.0,9.33897959073153e-88,0.0
288,0.1503006012024046,0.0985782739584854,5,0.9999996481113844,2.8340407081952614e-55,0.0,3.518886156490777e-07,0.0,0.9999996481113844,0.0,1.0709429864178945e-99,0.0
289,0.1543086172344687,0.0735825650790943,5,0.9999999489185589,1.235941113077003e-51,0.0,5.108144109921537e-08,0.0,0.9999999489185589,0.0,3.4140403387723516e-105,0.0
290,0.1583166332665329,0.2378502008726427,5,0.9998391175701481,1.3933545012198794e-64,0.0,0.00016088242985191605,0.0,0.9998391175701481,0.0,1.5179896375588286e-87,0.0
291,0.162324649298597,0.2658465970458481,5,0.9995743890811398,1.7494777615847061e-65,0.0,0.00042561091886015716,0.0,0.9995743890811398,0.0,1.981445680970638e-86,0.0
292,0.1663326653306611,0.2077156059857956,5,0.999989743375131,6.614204371240499e-59,0.0,1.02566248690338e-05,0.0,0.999989743375131,0.0,6.0235369402425e-96,0.0
293,0.1703406813627253,0.1389046225385818,5,0.9999998749120849,1.3429950806439863e-51,0.0,1.250879151170489e-07,0.0,0.9999998749120849,0.0,4.7649568933066295e-107,0.0
294,0.1743486973947894,0.0700915390941387,5,0.999999998621344,1.6949334295586865e-44,0.0,1.3786559652582236e-09,0.0,0.999999998621344,0.0,1.9808594907572307e-118,0.0
295,0.1783567134268535,0.0709938317278127,5,0.9999999992941696,2.9211359623514777e-43,0.0,7.058304281212652e-10,0.0,0.9999999992941696,0.0,5.829676614873171e-121,0.0
296,0.1823647294589176,0.1819116070884031,5,0.999999797337828,5.626692752840917e-51,0.0,2.0266217206226818e-07,0.0,0.999999797337828,0.0,4.055845626597456e-109,0.0
297,0.1863727454909818,0.1762694829939086,5,0.9999999244738265,3.8698961619440146e-49,0.0,7.552617359662549e-08,0.0,0.9999999244738265,0.0,2.0194174744117375e-112,0.0
298,0.1903807615230459,0.2576202569080535,5,0.9999951162705205,2.5921387521326515e-54,0.0,4.8837294794475445e-06,0.0,0.9999951162705205,0.0,2.8718157164877696e-104,0.0
299,0.19438877755511,0.2002322637715969,5,0.9999999176814051,2.457066268116616e-48,0.0,8.231859504005809e-08,0.0,0.9999999176814051,0.0,1.9443841816417883e-114,0.0
300,0.1983967935871742,0.0306644071241153,5,0.9999999999985815,6.621087466766828e-34,0.0,1.4185998703186426e-12,0.0,0.9999999999985815,0.0,3.5979620782820795e-140,1.466249348520882e-308
301,0.2024048096192383,0.237793448831745,5,0.9999997852736493,1.4149458805254098e-48,0.0,2.1472635075606424e-07,0.0,0.9999997852736493,0.0,1.317253871982242e-114,0.0
302,0.2064128256513024,0.0765333758835722,5,0.9999999999953216,5.021797042104423e-35,0.0,4.678382478770384e-12,0.0,0.9999999999953216,0.0,1.5500817492949065e-139,4.1774904517807535e-306
303,0.2104208416833666,0.1284164347261411,5,0.9999999999452154,1.0510030824202888e-37,0.0,5.478462576735826e-11,0.0,0.9999999999452154,0.0,3.9855174975070407e-135,5.8007849835424e-311
304,0.2144288577154307,0.1819229324078461,5,0.9999999992294175,1.8793859189041947e-40,0.0,7.705824296056807e-10,0.0,0.9999999992294175,0.0,2.01630405532535e-130,4.86320683e-316
305,0.2184368737474948,0.3243515087805739,5,0.9999961218512077,9.637568355051883e-50,0.0,3.878148792274016e-06,0.0,0.9999961218512077,0.0,3.5855295757250653e-113,0.0
306,0.222444889779559,0.4163027472861837,5,0.9990993822812658,3.234094649823285e-55,0.0,0.0009006177187341357,0.0,0.9990993822812658,0.0,6.540257638019073e-103,0.0
307,0.2264529058116231,0.2188797655152868,5,0.9999999990801021,1.8823082775064936e-39,0.0,9.198979389236481e-10,0.0,0.9999999990801021,0.0,1.451592680285763e-133,3.1229416832380664e-305
308,0.2304609218436872,0.158541899289125,5,0.9999999999924924,5.269414030569821e-34,0.0,7.507499687155098e-12,0.0,0.9999999999924924,0.0,3.4959956711299874e-145,5.900799263454392e-287
309,0.2344689378757514,0.2188383839442776,5,0.9999999997992102,4.785330380619693e-37,0.0,2.0078986657512454e-10,0.0,0.9999999997992102,0.0,2.8884382401868894e-139,3.7501103290661354e-293
310,0.2384769539078155,0.249996809944519,5,0.9999999992092634,5.125324395342948e-38,0.0,7.907365101930318e-10,0.0,0.9999999992092634,0.0,1.4655955324950216e-137,2.1044466440265843e-293
311,0.2424849699398796,0.1562650954215035,5,0.9999999999994585,1.6464300025526456e-30,0.0,5.414505322660714e-13,0.0,0.9999999999994585,0.0,1.9625124665704783e-154,5.2122332083331565e-269
312,0.2464929859719438,0.3284987745662068,5,0.9999999564264467,5.817402845891742e-41,0.0,4.357355334618785e-08,0.0,0.9999999564264467,0.0,1.2545655344194361e-131,6.473534544596508e-297
313,0.2505010020040079,0.2062816637443381,5,0.9999999999965707,1.2094346621195008e-31,0.0,3.4292205136186488e-12,0.0,0.9999999999965707,0.0,6.542883798819118e-153,2.591913109950496e-267
314,0.254509018036072,0.2307219085937925,5,0.9999999999913374,3.8613583518005743e-32,0.0,8.662683905277269e-12,0.0,0.9999999999913374,0.0,3.392742831773561e-152,2.6004767754798358e-266
315,0.2585170340681362,0.2472367268829299,5,0.9999999999873592,4.1780004857080963e-32,0.0,1.2640713615054935e-11,0.0,0.9999999999873592,0.0,1.1276938290975777e-152,8.851727458107486e-264
316,0.2625250501002003,0.2307854528674461,5,0.9999999999983473,5.5576565855973256e-30,0.0,1.6526129151640418e-12,0.0,0.9999999999983473,0.0,2.9454270560360455e-158,4.660455699927591e-255
317,0.2665330661322644,0.2673064586561869,5,0.9999999999892735,3.3812049217259126e-31,0.0,1.0726574041251897e-11,0.0,0.9999999999892735,0.0,1.2666982506609244e-155,2.6309268270723696e-256
318,0.2705410821643286,0.1539821608487914,5,0.999999999999999,3.011988338633954e-23,0.0,9.445397430787198e-16,0.0,0.999999999999999,0.0,1.2673893991484189e-176,6.484216861594037e-230
319,0.2745490981963927,0.1619095204173763,5,0.9999999999999993,8.922121666788237e-23,0.0,6.784510762702956e-16,0.0,0.9999999999999993,0.0,1.370958215232921e-178,4.447683371650624e-226
320,0.2785571142284568,0.1218141601154101,5,1.0,1.6017404391558608e-19,0.0,1.2452743014599399e-17,0.0,1.0,0.0,2.4444899069240008e-188,1.2465123209839347e-213
321,0.282565130260521,0.2482825735354116,5,0.9999999999999176,6.377354559447815e-26,0.0,8.246875019676692e-14,0.0,0.9999999999999176,0.0,4.1039344248328174e-171,4.4389515056757145e-231
322,0.2865731462925851,0.2787780552649583,5,0.999999999999631,1.0710974977606232e-26,0.0,3.6905826457291714e-13,0.0,0.999999999999631,0.0,2.3639732104877405e-169,3.380499987242834e-231
323,0.2905811623246492,0.2564718529928709,5,0.9999999999999738,1.8906638618098794e-24,0.0,2.6198539665939822e-14,0.0,0.9999999999999738,0.0,3.351538000968982e-176,4.968884028892285e-222
324,0.2945891783567134,0.3572440811567764,5,0.9999999999661823,3.84184410976151e-29,0.0,3.381778568241703e-11,0.0,0.9999999999661823,0.0,7.426171983645777e-163,2.569239426961967e-234
325,0.2985971943887775,0.2263209870954127,5,0.9999999999999996,6.1049818748465524e-21,0.0,3.704362174727457e-16,0.0,0.9999999999999996,0.0,9.201456929688832e-188,1.3255545429220016e-206
326,0.3026052104208416,0.2838028477393975,5,0.9999999999999847,3.9322108719358057e-23,0.0,1.5406467233097148e-14,0.0,0.9999999999999847,0.0,1.8939179282856643e-181,2.3964958568760234e-211
327,0.3066132264529058,0.1465547017215956,5,0.9999999999999956,4.429355531190675e-15,0.0,7.844008089019434e-20,0.0,0.9999999999999956,0.0,4.473364287706681e-208,2.34282064255496e-183
328,0.3106212424849699,0.2065640072190045,5,1.0,2.3732681306577536e-17,0.0,3.972098512085781e-18,0.0,1.0,0.0,2.8419656975030294e-201,1.4793026167998257e-188
329,0.314629258517034,0.2968717159628932,5,0.9999999999999971,4.1959205818173874e-21,0.0,2.8106381766218816e-15,0.0,0.9999999999999971,0.0,3.3740032920138014e-189,1.4293469521451735e-198
330,0.3186372745490982,0.3129106217472029,5,0.9999999999999958,4.925967376967548e-21,0.0,4.2518056335127944e-15,0.0,0.9999999999999958,0.0,8.397899347658961e-190,2.6987097306766954e-196
331,0.3226452905811623,0.2252774454471705,5,0.9999999999999993,6.757742338210869e-16,0.0,9.290119429593929e-19,0.0,0.9999999999999993,0.0,1.8424540227013562e-208,2.00406607994747e-177
332,0.3266533066132264,0.2469393455796339,5,0.9999999999999997,3.7118324010073395e-16,0.0,2.15205335020302e-18,0.0,0.9999999999999997,0.0,3.620884159378223e-208,3.152025587054038e-176
333,0.3306613226452906,0.1351715518101963,5,0.9999999997093219,2.9067811841659394e-10,0.0,4.8225553417461635e-23,0.0,0.9999999997093219,0.0,1.3375040438342658e-231,3.4809023701922064e-154
334,0.3346693386773545,0.2320365078979088,5,0.999999999999942,5.800767090425533e-14,0.0,7.512642991246042e-20,0.0,0.999999999999942,0.0,6.60586830348648e-218,8.70505917601416e-165
335,0.3386773547094186,0.3358916613161795,5,0.9999999999999998,6.4429088997250115e-18,0.0,2.5903575980273413e-16,0.0,0.9999999999999998,0.0,7.000774244512588e-203,3.403403047207694e-176
336,0.3426853707414827,0.3148058909026504,5,0.9999999999999996,3.504852173230168e-16,0.0,1.4668809523452768e-17,0.0,0.9999999999999996,0.0,3.584694733028314e-210,1.9919941009194697e-168
337,0.3466933867735469,0.313039091064507,5,0.9999999999999976,2.3988194060850375e-15,0.0,4.5469355076666615e-18,0.0,0.9999999999999976,0.0,4.815194974097089e-214,1.1122238971612415e-163
338,0.350701402805611,0.2812334796817162,5,0.9999999999997116,2.884742133324863e-13,0.0,9.042519081784346e-20,0.0,0.9999999999997116,0.0,1.895999010824262e-223,1.4041326432469554e-154
339,0.3547094188376751,0.2821533416170539,5,0.9999999999987096,1.290427402429024e-12,0.0,3.4053778853737405e-20,0.0,0.9999999999987096,0.0,6.231656994152674e-227,2.0588413389050046e-150
340,0.3587174348697393,0.2331718001078028,5,0.9999999994625446,5.374554929483181e-10,0.0,1.2641620232469774e-22,0.0,0.9999999994625446,0.0,9.78948009813426e-240,3.764534834974309e-139
341,0.3627254509018034,0.3463870105930659,5,0.9999999999999208,7.910257544437446e-14,0.0,1.5874656222900057e-18,0.0,0.9999999999999208,0.0,2.4928961712348315e-222,4.289503570855942e-151
342,0.3667334669338675,0.3287174068644918,5,0.9999999999981017,1.898283513886807e-12,0.0,1.0567927948078091e-19,0.0,0.9999999999981017,0.0,2.663118083997915e-229,2.2058461539649292e-144
343,0.3707414829659317,0.3390370473675222,5,0.9999999999964647,3.5353148883572376e-12,0.0,9.662444761042022e-20,0.0,0.9999999999964647,0.0,4.661735871925992e-231,1.1580880249619357e-141
344,0.3747494989979958,0.2623073994607171,5,0.9999999902134513,9.78654864185413e-09,0.0,2.1468033442331265e-23,0.0,0.9999999902134513,0.0,2.013330940684602e-249,4.072084686022371e-127
345,0.3787575150300599,0.1369176250147038,5,0.9993029751252693,0.0006970248747307987,0.0,4.0177737997548283e-29,0.0,0.9993029751252693,0.0,1.4853717080092863e-277,1.9727278914090668e-106
346,0.3827655310621241,0.4018339169122209,5,0.9999999999982927,1.707299228267076e-12,0.0,1.697339412491148e-18,0.0,0.9999999999982927,0.0,3.1118010533097265e-230,7.273870523005266e-138
347,0.3867735470941882,0.280714659749004,5,0.9999999009781405,9.902185946964941e-08,0.0,4.056305636467551e-24,0.0,0.9999999009781405,0.0,1.7896834695569125e-257,5.354892861553399e-118
348,0.3907815631262523,0.2550444115071942,5,0.9999978193360507,2.1806639493295108e-06,0.0,1.0062538363963107e-25,0.0,0.9999978193360507,0.0,1.961964039694999e-266,6.047783797396177e-111
349,0.3947895791583165,0.3846760073809346,5,0.9999999994976172,5.023827936934757e-10,0.0,1.233375323061187e-20,0.0,0.9999999994976172,0.0,7.2141655612594195e-245,9.440564962178964e-124
350,0.3987975951903806,0.3030558556806469,5,0.9999993464218659,6.535781341139538e-07,0.0,1.1192283511272856e-24,0.0,0.9999993464218659,0.0,7.24735324422608e-265,1.0305584353234119e-109
351,0.4028056112224447,0.4245204459464474,5,0.9999999995808312,4.1916880117623324e-10,0.0,7.603393542452446e-20,0.0,0.9999999995808312,0.0,1.141422658233927e-244,4.368929618190642e-121
352,0.4068136272545088,0.3944857206925593,5,0.999999987367986,1.2632013984065108e-08,0.0,1.1745207148180646e-21,0.0,0.999999987367986,0.0,1.6511923224933604e-254,1.1788086354585055e-113
353,0.410821643286573,0.4053030864943203,5,0.9999999788066246,2.1193375366615418e-08,0.0,1.1525071757394254e-21,0.0,0.9999999788066246,0.0,3.021425638658433e-256,2.725652117746437e-111
354,0.4148296593186371,0.2469275113152379,5,0.9986932408138636,0.0013067591861363784,0.0,2.7982931749967815e-29,0.0,0.9986932408138636,0.0,2.129273975052219e-292,4.893439376150889e-89
355,0.4188376753507012,0.4588415915293184,5,0.9999999918981415,8.10185850167227e-09,0.0,3.191296453309034e-20,0.0,0.9999999918981415,0.0,2.980402546888551e-253,2.4626207162503546e-110
356,0.4228456913827654,0.3885654418513551,5,0.999998081693841,1.91830615902651e-06,0.0,6.315032583671491e-24,0.0,0.999998081693841,0.0,1.510386320213887e-271,1.0545782037610987e-98
357,0.4268537074148295,0.3440013222872923,5,0.9999328614839713,6.713851602873665e-05,0.0,1.715935137419958e-26,0.0,0.9999328614839713,0.0,8.470656512947649e-285,2.703850682307027e-90
358,0.4308617234468936,0.3909929775617995,5,0.9999869528609917,1.3047139008311225e-05,0.0,7.58247870777125e-25,0.0,0.9999869528609917,0.0,3.812695575276206e-279,3.2097566588882874e-92
359,0.4348697394789578,0.2435033462160609,5,0.944246616907046,0.055753383092953905,0.0,2.838666539871782e-32,0.0,0.944246616907046,0.0,2.990049101e-314,5.678544909651517e-73
360,0.4388777555110219,0.4244780576189507,5,0.99998419560559,1.58043944100198e-05,0.0,2.547627927773438e-24,0.0,0.99998419560559,0.0,2.529548219980535e-280,2.793439197701183e-89
361,0.442885771543086,0.3157247283305525,5,0.9929285375138944,0.0070714624861056,0.0,5.325920191006813e-30,0.0,0.9929285375138944,0.0,1.7633347895617564e-307,1.1947656142833571e-74
362,0.4468937875751502,0.2962559360872947,5,0.9686668425672064,0.03133315743279366,0.0,1.6772920485681023e-31,0.0,0.9686668425672064,0.0,6.15000406e-316,1.0841037739148915e-69
363,0.4509018036072143,0.2891839729650306,5,0.928406017380219,0.07159398261978105,0.0,1.9580809036632958e-32,0.0,0.928406017380219,0.0,8.2e-322,3.989617162134932e-66
364,0.4549098196392784,0.5066005109603529,5,0.999984025478008,1.5974521991927743e-05,0.0,1.892391391654985e-22,0.0,0.999984025478008,0.0,2.5826805514243204e-279,6.557570382416376e-85
365,0.4589178356713426,0.3739682320084322,5,0.9913244319611579,0.008675568038842106,0.0,1.89760523438686e-29,0.0,0.9913244319611579,0.0,4.294534595542e-312,8.181995466385871e-69
366,0.4629258517034067,0.5538440575368588,5,0.9999843460963027,1.5653903697318797e-05,0.0,3.76029277558255e-21,0.0,0.9999843460963027,0.0,2.2856370911514577e-277,3.0866524304118967e-83
367,0.4669338677354708,0.3952324808890128,5,0.9861231214742722,0.013876878525727755,0.0,1.5655849965240126e-29,0.0,0.9861231214742722,0.0,4.31737343e-316,3.318399720713562e-65
368,0.470941883767535,0.30857448371838,5,0.7256124133380754,0.27438758666192453,0.0,1.5300125812514181e-34,0.0,0.7256124133380754,0.0,0.0,1.2476865953859228e-54
369,0.4749498997995991,0.3630249979784909,5,0.8984563876437235,0.10154361235627651,0.0,2.5218466472690036e-32,0.0,0.8984563876437235,0.0,0.0,6.647598146167685e-57
370,0.4789579158316632,0.5585145713324426,5,0.9994667131230822,0.0005332868769178054,0.0,5.621978170553264e-23,0.0,0.9994667131230822,0.0,5.863007169368373e-293,1.3535751636254986e-71
371,0.4829659318637274,0.4546008770163812,5,0.9770142477753977,0.022985752224602283,0.0,8.204397980448786e-29,0.0,0.9770142477753977,0.0,2.358e-320,1.0425544129120309e-59
372,0.4869739478957915,0.430754783266404,5,0.9319719945371561,0.0680280054628439,0.0,1.2742741576444916e-30,0.0,0.9319719945371561,0.0,0.0,4.333432202610818e-55
373,0.4909819639278556,0.4950877522561103,5,0.9744697772083304,0.025530222791669662,0.0,7.3287118287770285e-28,0.0,0.9744697772083304,0.0,5.2346e-320,6.773671368454783e-58
374,0.4949899799599198,0.530222477004411,5,0.9794415404451057,0.020558459554894357,0.0,1.356114492471629e-26,0.0,0.9794415404451057,0.0,1.9729389e-316,3.528615031257631e-58
375,0.4989979959919839,0.5873919092801967,5,0.98872740303568,0.011272596964320142,0.0,3.786727545841821e-24,0.0,0.98872740303568,0.0,8.333331192784964e-308,3.7565931496173805e-60
376,0.503006012024048,0.6219282155232857,5,0.9889022141488448,0.011097785851155154,0.0,7.277551078780996e-23,0.0,0.9889022141488448,0.0,2.909315093500498e-304,3.1892051654280735e-60
377,0.5070140280561122,0.4854447310724233,5,0.8267047289764473,0.17329527102355274,0.0,1.0032974660422979e-30,0.0,0.8267047289764473,0.0,0.0,2.580078076479466e-47
378,0.5110220440881763,0.4164515711855195,5,0.6044392349262967,0.39556076507370325,0.0,4.014654822528885e-35,0.0,0.6044392349262967,0.0,0.0,4.674283980837814e-40
379,0.5150300601202404,0.4979000995045741,5,0.7355746214683364,0.26442537853166365,0.0,2.7693406155147397e-31,0.0,0.7355746214683364,0.0,0.0,1.061091530036362e-43
380,0.5190380761523046,0.5603759874822293,5,0.7830863935837613,0.21691360641623866,0.0,1.8051129948868754e-28,0.0,0.7830863935837613,0.0,0.0,7.512268713289504e-46
381,0.5230460921843687,0.4711649209117073,5,0.5810716696543464,0.4189283303456535,0.0,4.995372883752823e-34,0.0,0.5810716696543464,0.0,0.0,1.2958765418711275e-37
382,0.5270541082164328,0.4805430486146936,5,0.5513537229337357,0.4486462770662643,0.0,3.782108591087879e-34,0.0,0.5513537229337357,0.0,0.0,3.230119014543696e-36
383,0.531062124248497,0.5936065831257988,5,0.5862206179851254,0.41377938201487463,0.0,1.6688383839117765e-28,0.0,0.5862206179851254,0.0,0.0,1.6402223152005813e-41
384,0.5350701402805611,0.5713402845224403,1,0.5047080545598843,0.5047080545598843,0.0,2.1564128187627523e-30,0.0,0.4952919454401156,0.0,0.0,4.931032376669483e-38
385,0.539078156312625,0.587127186831016,1,0.5693412482349345,0.5693412482349345,0.0,3.655208530589897e-30,0.0,0.4306587517650656,0.0,0.0,5.145914433039808e-37
386,0.5430861723446891,0.5332383347288285,1,0.577790351373849,0.577790351373849,0.0,8.64017277272721e-34,0.0,0.422209648626151,0.0,0.0,8.13723506905286e-32
387,0.5470941883767533,0.585045563684837,1,0.6677339511789309,0.6677339511789309,0.0,1.395359619913128e-31,0.0,0.3322660488210692,0.0,0.0,4.847007438467199e-33
388,0.5511022044088174,0.5392452988590046,1,0.6149664154443786,0.6149664154443786,0.0,1.0077871111541199e-34,0.0,0.38503358455562137,0.0,0.0,1.524453331726439e-28
389,0.5551102204408815,0.6942543683853164,1,0.8657219017574362,0.8657219017574362,0.0,6.3061180803932704e-27,0.0,0.13427809824256381,0.0,0.0,1.288896731407482e-35
390,0.5591182364729457,0.7158627481367791,1,0.913793563153933,0.913793563153933,0.0,1.9050545733029903e-26,0.0,0.08620643684606698,0.0,0.0,5.687310115530672e-35
391,0.5631262525050098,0.4955033842650448,5,0.5909937131065662,0.4090062868934338,0.0,6.01567915147207e-39,0.0,0.5909937131065662,0.0,0.0,3.947787050182345e-21
392,0.5671342685370739,0.5791460075885686,1,0.7095541604587455,0.7095541604587455,0.0,4.8123129187364485e-35,0.0,0.29044583954125447,0.0,0.0,5.590992750579465e-24
393,0.5711422845691381,0.5442473956842668,1,0.5326632582123542,0.5326632582123542,0.0,1.6494108565325158e-37,0.0,0.46733674178764584,0.0,0.0,1.3936482767352788e-20
394,0.5751503006012022,0.6225866228070629,1,0.8289148190122453,0.8289148190122453,0.0,5.615774172153137e-34,0.0,0.1710851809877548,0.0,0.0,4.6541076444466025e-23
395,0.5791583166332663,0.6786897884781448,1,0.9379571330659924,0.9379571330659924,0.0,1.0332196323452567e-31,0.0,0.06204286693400758,0.0,0.0,2.248007293703623e-24
396,0.5831663326653305,0.5803285292738545,1,0.5807732207584627,0.5807732207584627,0.0,2.323754773584808e-37,0.0,0.4192267792415373,0.0,0.0,6.180956643910784e-18
397,0.5871743486973946,0.6336472601276668,1,0.8208989397853617,0.8208989397853617,0.0,3.5072047825530534e-35,0.0,0.1791010602146383,0.0,0.0,4.703237228647679e-19
398,0.5911823647294587,0.6383374765317059,1,0.8143460187357233,0.8143460187357233,0.0,1.6146047159982278e-35,0.0,0.1856539812642767,0.0,0.0,7.666558630664534e-18
399,0.5951903807615229,0.7466571418162414,1,0.9885752110641131,0.9885752110641131,0.0,8.722985287987922e-31,0.0,0.011424788935886911,0.0,0.0,1.3437227687908764e-21
400,0.599198396793587,0.7472102048918795,1,0.9886345249830713,0.9886345249830713,0.0,2.317393354956672e-31,0.0,0.011365475016928793,0.0,0.0,3.688397667062837e-20
401,0.6032064128256511,0.6956773146781934,1,0.9370564686611829,0.9370564686611829,0.0,2.125805227665775e-34,0.0,0.06294353133881699,0.0,0.0,2.310109737008402e-16
402,0.6072144288577153,0.7794839535370478,1,0.9956118904052395,0.9956118904052395,0.0,5.251041492549699e-31,0.0,0.004388109594760538,0.0,0.0,8.163131666118298e-19
403,0.6112224448897794,0.733695690877152,1,0.9752121510244653,0.9752121510244653,0.0,1.0280232958274315e-33,0.0,0.024787848975532593,0.0,0.0,2.03115840546242e-15
404,0.6152304609218435,0.7679608970067889,1,0.9918465215568761,0.9918465215568761,0.0,1.0988103299577382e-32,0.0,0.008153478443122567,0.0,0.0,1.2730981502923221e-15
405,0.6192384769539077,0.9360056208089856,1,0.9999854652028637,0.9999854652028637,0.0,1.831498100968865e-25,0.0,1.4534797136294501e-05,0.0,0.0,2.09938203200295e-21
406,0.6232464929859718,0.9219769702970372,1,0.9999784546031125,0.9999784546031125,0.0,9.324254595260209e-27,0.0,2.1545396887489976e-05,0.0,0.0,1.8639141700878955e-19
407,0.6272545090180359,0.7235602498377721,1,0.8895322910589151,0.8895322910589151,0.0,2.890339716415923e-36,0.0,0.11046770856383074,0.0,0.0,3.772541614594608e-10
408,0.6312625250501,0.906869580182936,1,0.9999627165440677,0.9999627165440677,0.0,1.1687385391098528e-28,0.0,3.728345593214038e-05,0.0,0.0,2.9294521420511464e-16
409,0.6352705410821642,0.9185460696479902,1,0.9999773345386656,0.9999773345386656,0.0,1.015867912503154e-28,0.0,2.2665461332561447e-05,0.0,0.0,1.7813902345968293e-15
410,0.6392785571142283,0.7750973065529401,1,0.9690037423590276,0.9690037423590276,0.0,1.8094863087122468e-35,0.0,0.03099625077633356,0.0,0.0,6.864638856913035e-09
411,0.6432865731462925,0.9459668165994384,1,0.9999932745140572,0.9999932745140572,0.0,1.1600722594609654e-28,0.0,6.7254859018991075e-06,0.0,0.0,4.082710194840109e-14
412,0.6472945891783566,1.0171891503523542,1,0.9999998081948578,0.9999998081948578,0.0,3.928566767136807e-26,0.0,1.9180514043218874e-07,0.0,0.0,1.8314942453963116e-15
413,0.6513026052104207,0.818226305747485,1,0.9895468767688198,0.9895468767688198,0.0,4.4209798185632527e-35,0.0,0.010452933082677416,0.0,0.0,1.9014850283221735e-07
414,0.6553106212424848,0.8486918047739599,1,0.9972823198677276,0.9972823198677276,0.0,2.63289002596914e-34,0.0,0.002717528845118701,0.0,0.0,1.5128715361478826e-07
415,0.659318637274549,1.0177554801040063,1,0.9999998084132932,0.9999998084132932,0.0,7.498753027981498e-28,0.0,1.9158280446306987e-07,0.0,0.0,3.90239609668365e-12
416,0.6633266533066131,0.9725026572703526,1,0.9999968503884549,0.9999968503884549,0.0,2.9064866288921363e-30,0.0,3.148517607059771e-06,0.0,0.0,1.093938009809566e-09
417,0.6673346693386772,1.0095330866705738,1,0.9999995975536317,0.9999995975536317,0.0,2.7993801786676677e-29,0.0,4.01717286244599e-07,0.0,0.0,7.290821087484979e-10
418,0.6713426853707414,1.007487102062887,1,0.9999994330865437,0.9999994330865437,0.0,6.990035052823998e-30,0.0,5.595980489598836e-07,0.0,0.0,7.315407220005178e-09
419,0.6753507014028055,1.0265151916298454,1,0.9999997786704883,0.9999997786704883,0.0,1.227506759998736e-29,0.0,2.0473709093615323e-07,0.0,0.0,1.6592420777670467e-08
420,0.6793587174348696,0.904357419253752,1,0.9983992286241518,0.9983992286241518,0.0,8.456018442983827e-35,0.0,0.0012764006707847388,0.0,0.0,0.00032437070506350805
421,0.6833667334669338,1.109673941222685,1,0.9999999934702107,0.9999999934702107,0.0,2.1026635175633886e-27,0.0,1.1275227482858486e-09,0.0,0.0,5.402266449340146e-09
422,0.6873747494989979,1.1350682681257949,1,0.9999999906990877,0.9999999906990877,0.0,6.0373430969724766e-27,0.0,2.2184940921996977e-10,0.0,0.0,9.079062859422241e-09
423,0.691382765531062,1.0389631073619945,1,0.9999856294567503,0.9999856294567503,0.0,4.145632692513207e-31,0.0,2.8467875999225603e-07,0.0,0.0,1.408586448981582e-05
424,0.6953907815631262,1.0698518084284387,1,0.9999864976441663,0.9999864976441663,0.0,1.9745100379358414e-30,0.0,4.018141300169224e-08,0.0,0.0,1.3462174420673924e-05
425,0.6993987975951903,0.9670608063584356,1,0.9836572997346986,0.9836572997346986,0.0,1.458030609523181e-34,0.0,0.00019901826548930635,0.0,0.0,0.016143681999812056
426,0.7034068136272544,1.147114619069888,1,0.9999934406604347,0.9999934406604347,0.0,1.5058003234842609e-28,0.0,1.9234070884685844e-10,0.0,0.0,6.559147224479143e-06
427,0.7074148296593186,1.1683706010803698,1,0.9999882959779891,0.9999882959779891,0.0,2.899072349688268e-28,0.0,4.6349313263184745e-11,0.0,0.0,1.1703975661521832e-05
428,0.7114228456913827,1.1344709719202668,1,0.9997527042891097,0.9997527042891097,0.0,5.985500107965457e-30,0.0,1.0057443636342764e-09,0.0,0.0,0.0002472947051459677
429,0.7154308617234468,1.246444795242009,1,0.9999916045723828,0.9999916045723828,0.0,1.915092185095178e-26,0.0,1.253394260183262e-13,0.0,0.0,8.39542749182983e-06
430,0.719438877755511,1.1470321920343016,1,0.9979767201535275,0.9979767201535275,0.0,2.093548896399569e-30,0.0,7.732832676001469e-10,0.0,0.0,0.0020232790731892158
431,0.7234468937875751,1.2364018047856709,1,0.9997821073578418,0.9997821073578418,0.0,8.627185458761279e-28,0.0,4.570411369932353e-13,0.0,0.0,0.0002178926417012064
432,0.7274549098196392,1.1273498052144453,1,0.9601699972197782,0.9601699972197782,0.0,6.559038614015437e-32,0.0,1.1793265501139865e-08,0.0,0.0,0.03982999098695624
433,0.7314629258517034,1.22494460848264,1,0.9962878117652865,0.9962878117652865,0.0,4.200822886321518e-29,0.0,2.4681477872461097e-12,0.0,0.0,0.003712188232245368
434,0.7354709418837675,1.2310040200632362,1,0.9912031126096618,0.9912031126096618,0.0,2.4091308567828835e-29,0.0,2.092314419488908e-12,0.0,0.0,0.008796887388245876
435,0.7394789579158316,1.2813198717547298,1,0.9945820264807357,0.9945820264807357,0.0,3.8321986285681406e-28,0.0,2.6563419846646714e-14,0.0,0.0,0.005417973519237756
436,0.7434869739478958,1.2522968033868718,1,0.969300063248658,0.969300063248658,0.0,1.5965899951974712e-29,0.0,6.35963822321723e-13,0.0,0.0,0.03069993675070601
437,0.7474949899799597,1.2901272574009737,1,0.9724656927919442,0.9724656927919442,0.0,9.424853246254666e-29,0.0,2.3706674150632993e-14,0.0,0.0,0.027534307208032103
438,0.7515030060120238,1.385738879043264,1,0.9920279255410627,0.9920279255410627,0.0,3.715809197759477e-26,0.0,2.5886868329693997e-18,0.0,0.0,0.007972074458937337
439,0.7555110220440879,1.3039494847871784,1,0.9113986706928077,0.9113986706928077,0.0,3.4110488105739535e-29,0.0,1.3293703282442463e-14,0.0,0.0,0.088601329307179
440,0.7595190380761521,1.229826997563478,1,0.5739172161600039,0.5739172161600039,0.0,5.712032584629391e-32,0.0,3.6817242307179976e-11,0.0,0.0,0.4260827838031788
441,0.7635270541082162,1.5180109884863724,1,0.985214667566116,0.985214667566116,0.0,2.0182472626232074e-23,0.0,6.935918939040761e-24,0.0,0.0,0.014785332433884035
442,0.7675350701402803,1.5084818268965623,1,0.9615695791651941,0.9615695791651941,0.0,3.049162429477678e-24,0.0,2.023707128069621e-23,0.0,0.0,0.03843042083480586
443,0.7715430861723445,1.3147373686212638,1,0.6172758667454968,0.6172758667454968,0.0,1.3523621040038157e-30,0.0,2.4957182815880664e-14,0.0,0.0,0.38272413325447824
444,0.7755511022044086,1.4936810967077112,1,0.8441958556479077,0.8441958556479077,0.0,1.034689709145356e-25,0.0,1.2981061711020207e-22,0.0,0.0,0.15580414435209228
445,0.7795591182364727,1.4188873283853505,1,0.6781970147929697,0.6781970147929697,0.0,2.127536156496195e-28,0.0,6.391167086679155e-19,0.0,0.0,0.3218029852070303
446,0.7835671342685369,1.5010614199332717,1,0.6733018016077481,0.6733018016077481,0.0,1.6926501999658244e-26,0.0,8.209416239019974e-23,0.0,0.0,0.32669819839225195
447,0.787575150300601,1.5246153458941494,1,0.5910574071919211,0.5910574071919211,0.0,2.5056080551646492e-26,0.0,6.701995611795506e-24,0.0,0.0,0.4089425928080789
448,0.7915831663326651,1.5036591498559886,1,0.5222661132605846,0.5222661132605846,0.0,2.172289166014871e-27,0.0,9.90599948097291e-23,0.0,0.0,0.47773388673941536
449,0.7955911823647293,1.481285809637536,8,0.5030351849196334,0.49696481508036666,0.0,2.069970014753489e-28,0.0,2.172514849224126e-21,0.0,0.0,0.5030351849196334
450,0.7995991983967934,1.5105615436502156,8,0.5509246011652951,0.4490753988347049,0.0,4.476196040277172e-28,0.0,9.079329958128357e-23,0.0,0.0,0.5509246011652951
451,0.8036072144288575,1.5145712607489896,8,0.5577528706143867,0.4422471293856133,0.0,2.304868352585249e-28,0.0,8.980818566351791e-23,0.0,0.0,0.5577528706143867
452,0.8076152304609217,1.5436281899349162,8,0.6062786158239453,0.39372138417605484,0.0,4.649200771481524e-28,0.0,3.459803004658259e-24,0.0,0.0,0.6062786158239453
453,0.8116232464929858,1.6273541677021437,8,0.8010866168598713,0.1989133831401288,0.0,1.253803120895352e-26,0.0,6.833642865132054e-29,0.0,0.0,0.8010866168598713
454,0.8156312625250499,1.5982707530498377,8,0.7078392908600177,0.2921607091399822,0.0,1.3358819374967114e-27,0.0,6.1934957252129825e-27,0.0,0.0,0.7078392908600177
455,0.819639278557114,1.7331490409211647,8,0.959448806768207,0.040551193231793035,0.0,1.7474487568875115e-25,0.0,3.4690972703478765e-35,0.0,0.0,0.959448806768207
456,0.8236472945891782,1.8208696390423265,8,0.9939113627512131,0.00608863724878702,0.0,1.649645462447277e-24,0.0,7.823143233134607e-41,0.0,0.0,0.9939113627512131
457,0.8276553106212423,1.6790440509759723,8,0.8506681599389649,0.14933184006103498,0.0,4.009200172164651e-27,0.0,2.807550989318939e-31,0.0,0.0,0.8506681599389649
458,0.8316633266533064,1.7684138719703435,8,0.9754994858941387,0.024500514105861283,0.0,3.512112713579875e-26,0.0,4.070026722853497e-37,0.0,0.0,0.9754994858941387
459,0.8356713426853706,1.8133059056184864,8,0.9911640991639037,0.008835900836096295,0.0,5.514649974309937e-26,0.0,4.395792172038119e-40,0.0,0.0,0.9911640991639037
460,0.8396793587174347,1.835418791812321,8,0.9942527430266389,0.005747256973361095,0.0,4.248666397468324e-26,0.0,1.7181403718969672e-41,0.0,0.0,0.9942527430266389
461,0.8436873747494988,1.8283220186473683,8,0.9900894283073122,0.009910571692687754,0.0,1.7687507369740086e-26,0.0,9.782890292242028e-41,0.0,0.0,0.9900894283073122
462,0.847695390781563,1.9065081967419253,8,0.9990947775737414,0.0009052224262586102,0.0,3.774004024909838e-26,0.0,2.0196375576436508e-46,0.0,0.0,0.9990947775737414
463,0.8517034068136271,1.910784089783416,8,0.9989006065375667,0.0010993934624332004,0.0,1.9469213705684444e-26,0.0,1.5344144964338094e-46,0.0,0.0,0.9989006065375667
464,0.8557114228456912,1.798565859568333,8,0.8677145026680974,0.13228549733190267,0.0,3.056301012469565e-27,0.0,2.569456643534165e-37,0.0,0.0,0.8677145026680974
465,0.8597194388777554,1.9927516730339363,8,0.9999170168145023,8.298318549764296e-05,0.0,1.2184920750909353e-26,0.0,1.1906379985926484e-52,0.0,0.0,0.9999170168145023
466,0.8637274549098195,2.020109989388124,8,0.9999627072762227,3.729272377733354e-05,0.0,7.332974065722025e-27,0.0,1.0707943808776796e-54,0.0,0.0,0.9999627072762227
467,0.8677354709418836,1.9142401138451872,8,0.9900635270498904,0.00993647295010959,0.0,3.660298223130087e-27,0.0,2.105401715841283e-45,0.0,0.0,0.9900635270498904
468,0.8717434869739478,2.0047845992896582,8,0.9997485743178447,0.00025142568215524006,0.0,2.572095462651576e-27,0.0,8.353305157589597e-53,0.0,0.0,0.9997485743178447
469,0.8757515030060119,2.0831342979077845,8,0.9999919254843008,8.07451569908693e-06,0.0,1.2689112556834989e-27,0.0,2.2616881591229943e-59,0.0,0.0,0.9999919254843008
470,0.879759519038076,2.03871465995326,8,0.999811336848032,0.00018866315196794197,0.0,1.1947533805846633e-27,0.0,4.9639699911352494e-55,0.0,0.0,0.999811336848032
471,0.8837675350701402,2.1685647226382474,8,0.9999997726340174,2.273659825258751e-07,0.0,2.2969058775804573e-28,0.0,1.4346292447973527e-66,0.0,0.0,0.9999997726340174
472,0.8877755511022043,2.29937946319751,8,0.9999999998748678,1.251322810879711e-10,0.0,2.470745358493079e-29,0.0,1.481157953679225e-78,0.0,0.0,0.9999999998748678
473,0.8917835671342684,2.075211982594779,8,0.9996441182473432,0.00035588175265672596,0.0,5.481421330685396e-28,0.0,5.40936936028488e-57,0.0,0.0,0.9996441182473432
474,0.8957915831663326,2.0557080605505016,8,0.9963701875228765,0.003629812477123518,0.0,9.365154023658591e-28,0.0,1.6418165024572468e-54,0.0,0.0,0.9963701875228765
475,0.8997995991983967,2.218878987321017,8,0.9999997835887328,2.1641126715991189e-07,0.0,2.1317601407020763e-29,0.0,4.19249090994551e-70,0.0,0.0,0.9999997835887328
476,0.9038076152304608,2.2809630234781264,8,0.9999999929861518,7.01384813351548e-09,0.0,3.4308427868963404e-30,0.0,5.920090195001805e-76,0.0,0.0,0.9999999929861518
477,0.907815631262525,2.2337174343344333,8,0.9999994206118185,5.793881815261671e-07,0.0,1.1511118365519097e-29,0.0,1.0141896219691121e-70,0.0,0.0,0.9999994206118185
478,0.9118236472945892,2.397682061513236,8,0.9999999999932366,6.763323965130732e-12,0.0,5.226374980965212e-32,0.0,2.4212302328544643e-87,0.0,0.0,0.9999999999932366
479,0.9158316633266532,2.203854496959778,8,0.9999377755354053,6.222446459477168e-05,0.0,4.601726660282472e-29,0.0,1.970933466727948e-66,0.0,0.0,0.9999377755354053
480,0.9198396793587174,2.3961870368077847,8,0.9999999999478999,5.2100110330451874e-11,0.0,2.937058485290435e-32,0.0,1.4439793516084947e-86,0.0,0.0,0.9999999999478999
481,0.9238476953907816,2.322385646122683,8,0.9999999274226882,7.257731190869765e-08,0.0,6.316787190976193e-31,0.0,4.722058137812293e-78,0.0,0.0,0.9999999274226882
482,0.9278557114228456,2.538797633141625,8,0.9999999999999979,2.1521980191322535e-15,0.0,4.0832323437161284e-35,0.0,1.3726325551672076e-101,0.0,0.0,0.9999999999999979
483,0.9318637274549098,2.591334987056632,8,1.0,5.0437106238945695e-17,0.0,2.3323062607975765e-36,0.0,2.9231829055102263e-107,0.0,0.0,1.0
484,0.935871743486974,2.4015826044881394,8,0.9999999951971658,4.8028342098159275e-09,0.0,2.947213178161204e-32,0.0,3.1983211212114766e-85,0.0,0.0,0.9999999951971658
485,0.939879759519038,2.450228493148215,8,0.9999999997630277,2.3697237741379067e-10,0.0,2.7678090102039844e-33,0.0,2.768505607504961e-90,0.0,0.0,0.9999999997630277
486,0.943887775551102,2.5945361325448366,8,0.999999999999999,9.984639582723283e-16,0.0,8.190990665335821e-37,0.0,8.580641050672641e-107,0.0,0.0,0.999999999999999
487,0.9478957915831664,2.526674337477286,8,0.9999999999970697,2.930352475631424e-12,0.0,5.146205840382491e-35,0.0,3.122950831941382e-98,0.0,0.0,0.9999999999970697
488,0.9519038076152302,2.5861887754612924,8,0.9999999999999665,3.347845303866138e-14,0.0,1.4705546696850634e-36,0.0,6.428324224316248e-105,0.0,0.0,0.9999999999999665
489,0.9559118236472944,2.62433237078911,8,0.9999999999999971,2.8773643900594528e-15,0.0,1.4000568530862515e-37,0.0,4.1607552980048108e-109,0.0,0.0,0.9999999999999971
490,0.9599198396793585,2.501511354967155,8,0.9999999948972838,5.102716252317001e-09,0.0,1.2409484122647878e-33,0.0,3.980828827524306e-93,0.0,0.0,0.9999999948972838
491,0.9639278557114226,2.6870679294130726,8,0.9999999999999999,7.269030198680832e-17,0.0,2.4132144862849836e-39,0.0,5.491611949129757e-116,0.0,0.0,0.9999999999999999
492,0.9679358717434868,2.6663938453865024,8,0.9999999999999966,3.4927804777593643e-15,0.0,1.584353875641335e-38,0.0,8.685502068819859e-113,0.0,0.0,0.9999999999999966
493,0.9719438877755509,2.715828281557047,8,1.0,7.26536550549367e-17,0.0,4.673212694893108e-40,0.0,1.2462182508652137e-118,0.0,0.0,1.0
494,0.975951903807615,2.904785174743281,8,1.0,9.720815985560357e-26,0.0,1.1252487633585315e-46,0.0,4.902944205509098e-143,0.0,0.0,1.0
495,0.9799599198396792,2.7231025823725243,8,0.999999999999999,1.0508272266352385e-15,0.0,6.684492073353469e-40,0.0,2.3622592930760805e-118,0.0,0.0,0.999999999999999
496,0.9839679358717432,2.923321625889122,8,1.0,1.9104478315556108e-25,0.0,2.0366191466190744e-47,0.0,7.141546511525659e-145,0.0,0.0,1.0
497,0.9879759519038074,2.870905356395474,8,1.0,6.461579692645692e-22,0.0,2.8298692666098914e-45,0.0,2.8784261183603106e-137,0.0,0.0,1.0
498,0.9919839679358716,2.906115405306392,8,1.0,4.467819501851082e-23,0.0,1.4492732449133786e-46,0.0,1.2672835877370198e-141,0.0,0.0,1.0
499,0.9959919839679356,3.027317991778526,8,1.0,3.9148937250914105e-29,0.0,1.4390499244693337e-51,0.0,3.65470165641982e-158,0.0,1.3117e-320,1.0
500,1.0,3.027204103565511,8,1.0,2.1005053929275186e-28,0.0,1.6361183775115725e-51,0.0,9.204095476670724e-158,0.0,0.0,1.0
